[{"model": "admin.logentry", "pk": 1, "fields": {"action_time": "2023-06-16T17:52:07.527Z", "user": 1, "content_type": 16, "object_id": "52", "object_repr": "Week 2023-12-26 - 2024-01-01", "action_flag": 3, "change_message": ""}}, {"model": "admin.logentry", "pk": 2, "fields": {"action_time": "2023-06-16T17:52:07.535Z", "user": 1, "content_type": 16, "object_id": "51", "object_repr": "Week 2023-12-19 - 2023-12-25", "action_flag": 3, "change_message": ""}}, {"model": "admin.logentry", "pk": 3, "fields": {"action_time": "2023-06-16T17:52:07.536Z", "user": 1, "content_type": 16, "object_id": "50", "object_repr": "Week 2023-12-12 - 2023-12-18", "action_flag": 3, "change_message": ""}}, {"model": "admin.logentry", "pk": 4, "fields": {"action_time": "2023-06-16T17:52:07.536Z", "user": 1, "content_type": 16, "object_id": "49", "object_repr": "Week 2023-12-05 - 2023-12-11", "action_flag": 3, "change_message": ""}}, {"model": "admin.logentry", "pk": 5, "fields": {"action_time": "2023-06-16T17:52:07.537Z", "user": 1, "content_type": 16, "object_id": "48", "object_repr": "Week 2023-11-28 - 2023-12-04", "action_flag": 3, "change_message": ""}}, {"model": "admin.logentry", "pk": 6, "fields": {"action_time": "2023-06-16T17:52:07.538Z", "user": 1, "content_type": 16, "object_id": "47", "object_repr": "Week 2023-11-21 - 2023-11-27", "action_flag": 3, "change_message": ""}}, {"model": "admin.logentry", "pk": 7, "fields": {"action_time": "2023-06-16T17:52:07.538Z", "user": 1, "content_type": 16, "object_id": "46", "object_repr": "Week 2023-11-14 - 2023-11-20", "action_flag": 3, "change_message": ""}}, {"model": "admin.logentry", "pk": 8, "fields": {"action_time": "2023-06-16T17:52:07.539Z", "user": 1, "content_type": 16, "object_id": "45", "object_repr": "Week 2023-11-07 - 2023-11-13", "action_flag": 3, "change_message": ""}}, {"model": "admin.logentry", "pk": 9, "fields": {"action_time": "2023-06-16T17:52:07.540Z", "user": 1, "content_type": 16, "object_id": "44", "object_repr": "Week 2023-10-31 - 2023-11-06", "action_flag": 3, "change_message": ""}}, {"model": "admin.logentry", "pk": 10, "fields": {"action_time": "2023-06-16T17:52:07.540Z", "user": 1, "content_type": 16, "object_id": "43", "object_repr": "Week 2023-10-24 - 2023-10-30", "action_flag": 3, "change_message": ""}}, {"model": "admin.logentry", "pk": 11, "fields": {"action_time": "2023-06-16T17:52:07.541Z", "user": 1, "content_type": 16, "object_id": "42", "object_repr": "Week 2023-10-17 - 2023-10-23", "action_flag": 3, "change_message": ""}}, {"model": "admin.logentry", "pk": 12, "fields": {"action_time": "2023-06-16T17:52:07.541Z", "user": 1, "content_type": 16, "object_id": "41", "object_repr": "Week 2023-10-10 - 2023-10-16", "action_flag": 3, "change_message": ""}}, {"model": "admin.logentry", "pk": 13, "fields": {"action_time": "2023-06-16T17:52:07.542Z", "user": 1, "content_type": 16, "object_id": "40", "object_repr": "Week 2023-10-03 - 2023-10-09", "action_flag": 3, "change_message": ""}}, {"model": "admin.logentry", "pk": 14, "fields": {"action_time": "2023-06-16T17:52:07.542Z", "user": 1, "content_type": 16, "object_id": "39", "object_repr": "Week 2023-09-26 - 2023-10-02", "action_flag": 3, "change_message": ""}}, {"model": "admin.logentry", "pk": 15, "fields": {"action_time": "2023-06-16T17:52:07.543Z", "user": 1, "content_type": 16, "object_id": "38", "object_repr": "Week 2023-09-19 - 2023-09-25", "action_flag": 3, "change_message": ""}}, {"model": "admin.logentry", "pk": 16, "fields": {"action_time": "2023-06-16T17:52:07.544Z", "user": 1, "content_type": 16, "object_id": "37", "object_repr": "Week 2023-09-12 - 2023-09-18", "action_flag": 3, "change_message": ""}}, {"model": "admin.logentry", "pk": 17, "fields": {"action_time": "2023-06-16T17:52:07.544Z", "user": 1, "content_type": 16, "object_id": "36", "object_repr": "Week 2023-09-05 - 2023-09-11", "action_flag": 3, "change_message": ""}}, {"model": "admin.logentry", "pk": 18, "fields": {"action_time": "2023-06-16T17:52:07.544Z", "user": 1, "content_type": 16, "object_id": "35", "object_repr": "Week 2023-08-29 - 2023-09-04", "action_flag": 3, "change_message": ""}}, {"model": "admin.logentry", "pk": 19, "fields": {"action_time": "2023-06-16T17:52:07.545Z", "user": 1, "content_type": 16, "object_id": "34", "object_repr": "Week 2023-08-22 - 2023-08-28", "action_flag": 3, "change_message": ""}}, {"model": "admin.logentry", "pk": 20, "fields": {"action_time": "2023-06-16T17:52:07.545Z", "user": 1, "content_type": 16, "object_id": "33", "object_repr": "Week 2023-08-15 - 2023-08-21", "action_flag": 3, "change_message": ""}}, {"model": "admin.logentry", "pk": 21, "fields": {"action_time": "2023-06-16T17:52:07.546Z", "user": 1, "content_type": 16, "object_id": "32", "object_repr": "Week 2023-08-08 - 2023-08-14", "action_flag": 3, "change_message": ""}}, {"model": "admin.logentry", "pk": 22, "fields": {"action_time": "2023-06-16T17:52:07.546Z", "user": 1, "content_type": 16, "object_id": "31", "object_repr": "Week 2023-08-01 - 2023-08-07", "action_flag": 3, "change_message": ""}}, {"model": "admin.logentry", "pk": 23, "fields": {"action_time": "2023-06-16T17:52:07.547Z", "user": 1, "content_type": 16, "object_id": "30", "object_repr": "Week 2023-07-25 - 2023-07-31", "action_flag": 3, "change_message": ""}}, {"model": "admin.logentry", "pk": 24, "fields": {"action_time": "2023-06-16T17:52:07.547Z", "user": 1, "content_type": 16, "object_id": "29", "object_repr": "Week 2023-07-18 - 2023-07-24", "action_flag": 3, "change_message": ""}}, {"model": "admin.logentry", "pk": 25, "fields": {"action_time": "2023-06-16T17:52:07.548Z", "user": 1, "content_type": 16, "object_id": "28", "object_repr": "Week 2023-07-11 - 2023-07-17", "action_flag": 3, "change_message": ""}}, {"model": "admin.logentry", "pk": 26, "fields": {"action_time": "2023-06-16T17:52:07.548Z", "user": 1, "content_type": 16, "object_id": "27", "object_repr": "Week 2023-07-04 - 2023-07-10", "action_flag": 3, "change_message": ""}}, {"model": "admin.logentry", "pk": 27, "fields": {"action_time": "2023-06-16T17:52:07.549Z", "user": 1, "content_type": 16, "object_id": "26", "object_repr": "Week 2023-06-27 - 2023-07-03", "action_flag": 3, "change_message": ""}}, {"model": "admin.logentry", "pk": 28, "fields": {"action_time": "2023-06-16T17:52:07.549Z", "user": 1, "content_type": 16, "object_id": "25", "object_repr": "Week 2023-06-20 - 2023-06-26", "action_flag": 3, "change_message": ""}}, {"model": "admin.logentry", "pk": 29, "fields": {"action_time": "2023-06-16T17:52:07.549Z", "user": 1, "content_type": 16, "object_id": "24", "object_repr": "Week 2023-06-13 - 2023-06-19", "action_flag": 3, "change_message": ""}}, {"model": "admin.logentry", "pk": 30, "fields": {"action_time": "2023-06-16T17:52:07.550Z", "user": 1, "content_type": 16, "object_id": "23", "object_repr": "Week 2023-06-06 - 2023-06-12", "action_flag": 3, "change_message": ""}}, {"model": "admin.logentry", "pk": 31, "fields": {"action_time": "2023-06-16T17:52:07.550Z", "user": 1, "content_type": 16, "object_id": "22", "object_repr": "Week 2023-05-30 - 2023-06-05", "action_flag": 3, "change_message": ""}}, {"model": "admin.logentry", "pk": 32, "fields": {"action_time": "2023-06-16T17:52:07.551Z", "user": 1, "content_type": 16, "object_id": "21", "object_repr": "Week 2023-05-23 - 2023-05-29", "action_flag": 3, "change_message": ""}}, {"model": "admin.logentry", "pk": 33, "fields": {"action_time": "2023-06-16T17:52:07.551Z", "user": 1, "content_type": 16, "object_id": "20", "object_repr": "Week 2023-05-16 - 2023-05-22", "action_flag": 3, "change_message": ""}}, {"model": "admin.logentry", "pk": 34, "fields": {"action_time": "2023-06-16T17:52:07.551Z", "user": 1, "content_type": 16, "object_id": "19", "object_repr": "Week 2023-05-09 - 2023-05-15", "action_flag": 3, "change_message": ""}}, {"model": "admin.logentry", "pk": 35, "fields": {"action_time": "2023-06-16T17:52:07.552Z", "user": 1, "content_type": 16, "object_id": "18", "object_repr": "Week 2023-05-02 - 2023-05-08", "action_flag": 3, "change_message": ""}}, {"model": "admin.logentry", "pk": 36, "fields": {"action_time": "2023-06-16T17:52:07.552Z", "user": 1, "content_type": 16, "object_id": "17", "object_repr": "Week 2023-04-25 - 2023-05-01", "action_flag": 3, "change_message": ""}}, {"model": "admin.logentry", "pk": 37, "fields": {"action_time": "2023-06-16T17:52:07.553Z", "user": 1, "content_type": 16, "object_id": "16", "object_repr": "Week 2023-04-18 - 2023-04-24", "action_flag": 3, "change_message": ""}}, {"model": "admin.logentry", "pk": 38, "fields": {"action_time": "2023-06-16T17:52:07.553Z", "user": 1, "content_type": 16, "object_id": "15", "object_repr": "Week 2023-04-11 - 2023-04-17", "action_flag": 3, "change_message": ""}}, {"model": "admin.logentry", "pk": 39, "fields": {"action_time": "2023-06-16T17:52:07.553Z", "user": 1, "content_type": 16, "object_id": "14", "object_repr": "Week 2023-04-04 - 2023-04-10", "action_flag": 3, "change_message": ""}}, {"model": "admin.logentry", "pk": 40, "fields": {"action_time": "2023-06-16T17:52:07.554Z", "user": 1, "content_type": 16, "object_id": "13", "object_repr": "Week 2023-03-28 - 2023-04-03", "action_flag": 3, "change_message": ""}}, {"model": "admin.logentry", "pk": 41, "fields": {"action_time": "2023-06-16T17:52:07.554Z", "user": 1, "content_type": 16, "object_id": "12", "object_repr": "Week 2023-03-21 - 2023-03-27", "action_flag": 3, "change_message": ""}}, {"model": "admin.logentry", "pk": 42, "fields": {"action_time": "2023-06-16T17:52:07.554Z", "user": 1, "content_type": 16, "object_id": "11", "object_repr": "Week 2023-03-14 - 2023-03-20", "action_flag": 3, "change_message": ""}}, {"model": "admin.logentry", "pk": 43, "fields": {"action_time": "2023-06-16T17:52:07.555Z", "user": 1, "content_type": 16, "object_id": "10", "object_repr": "Week 2023-03-07 - 2023-03-13", "action_flag": 3, "change_message": ""}}, {"model": "admin.logentry", "pk": 44, "fields": {"action_time": "2023-06-16T17:52:07.555Z", "user": 1, "content_type": 16, "object_id": "9", "object_repr": "Week 2023-02-28 - 2023-03-06", "action_flag": 3, "change_message": ""}}, {"model": "admin.logentry", "pk": 45, "fields": {"action_time": "2023-06-16T17:52:07.555Z", "user": 1, "content_type": 16, "object_id": "8", "object_repr": "Week 2023-02-21 - 2023-02-27", "action_flag": 3, "change_message": ""}}, {"model": "admin.logentry", "pk": 46, "fields": {"action_time": "2023-06-16T17:52:07.556Z", "user": 1, "content_type": 16, "object_id": "7", "object_repr": "Week 2023-02-14 - 2023-02-20", "action_flag": 3, "change_message": ""}}, {"model": "admin.logentry", "pk": 47, "fields": {"action_time": "2023-06-16T17:52:07.556Z", "user": 1, "content_type": 16, "object_id": "6", "object_repr": "Week 2023-02-07 - 2023-02-13", "action_flag": 3, "change_message": ""}}, {"model": "admin.logentry", "pk": 48, "fields": {"action_time": "2023-06-16T17:52:07.556Z", "user": 1, "content_type": 16, "object_id": "5", "object_repr": "Week 2023-01-31 - 2023-02-06", "action_flag": 3, "change_message": ""}}, {"model": "admin.logentry", "pk": 49, "fields": {"action_time": "2023-06-16T17:52:07.557Z", "user": 1, "content_type": 16, "object_id": "4", "object_repr": "Week 2023-01-24 - 2023-01-30", "action_flag": 3, "change_message": ""}}, {"model": "admin.logentry", "pk": 50, "fields": {"action_time": "2023-06-16T17:52:07.557Z", "user": 1, "content_type": 16, "object_id": "3", "object_repr": "Week 2023-01-17 - 2023-01-23", "action_flag": 3, "change_message": ""}}, {"model": "admin.logentry", "pk": 51, "fields": {"action_time": "2023-06-16T17:52:07.557Z", "user": 1, "content_type": 16, "object_id": "2", "object_repr": "Week 2023-01-10 - 2023-01-16", "action_flag": 3, "change_message": ""}}, {"model": "admin.logentry", "pk": 52, "fields": {"action_time": "2023-06-16T17:52:07.558Z", "user": 1, "content_type": 16, "object_id": "1", "object_repr": "Week 2023-01-03 - 2023-01-09", "action_flag": 3, "change_message": ""}}, {"model": "admin.logentry", "pk": 53, "fields": {"action_time": "2023-06-16T17:56:10.089Z", "user": 1, "content_type": 16, "object_id": "104", "object_repr": "Week 2023-12-26 - 2024-01-01", "action_flag": 3, "change_message": ""}}, {"model": "admin.logentry", "pk": 54, "fields": {"action_time": "2023-06-16T17:56:10.095Z", "user": 1, "content_type": 16, "object_id": "103", "object_repr": "Week 2023-12-19 - 2023-12-25", "action_flag": 3, "change_message": ""}}, {"model": "admin.logentry", "pk": 55, "fields": {"action_time": "2023-06-16T17:56:10.096Z", "user": 1, "content_type": 16, "object_id": "102", "object_repr": "Week 2023-12-12 - 2023-12-18", "action_flag": 3, "change_message": ""}}, {"model": "admin.logentry", "pk": 56, "fields": {"action_time": "2023-06-16T17:56:10.097Z", "user": 1, "content_type": 16, "object_id": "101", "object_repr": "Week 2023-12-05 - 2023-12-11", "action_flag": 3, "change_message": ""}}, {"model": "admin.logentry", "pk": 57, "fields": {"action_time": "2023-06-16T17:56:10.097Z", "user": 1, "content_type": 16, "object_id": "100", "object_repr": "Week 2023-11-28 - 2023-12-04", "action_flag": 3, "change_message": ""}}, {"model": "admin.logentry", "pk": 58, "fields": {"action_time": "2023-06-16T17:56:10.098Z", "user": 1, "content_type": 16, "object_id": "99", "object_repr": "Week 2023-11-21 - 2023-11-27", "action_flag": 3, "change_message": ""}}, {"model": "admin.logentry", "pk": 59, "fields": {"action_time": "2023-06-16T17:56:10.099Z", "user": 1, "content_type": 16, "object_id": "98", "object_repr": "Week 2023-11-14 - 2023-11-20", "action_flag": 3, "change_message": ""}}, {"model": "admin.logentry", "pk": 60, "fields": {"action_time": "2023-06-16T17:56:10.100Z", "user": 1, "content_type": 16, "object_id": "97", "object_repr": "Week 2023-11-07 - 2023-11-13", "action_flag": 3, "change_message": ""}}, {"model": "admin.logentry", "pk": 61, "fields": {"action_time": "2023-06-16T17:56:10.100Z", "user": 1, "content_type": 16, "object_id": "96", "object_repr": "Week 2023-10-31 - 2023-11-06", "action_flag": 3, "change_message": ""}}, {"model": "admin.logentry", "pk": 62, "fields": {"action_time": "2023-06-16T17:56:10.101Z", "user": 1, "content_type": 16, "object_id": "95", "object_repr": "Week 2023-10-24 - 2023-10-30", "action_flag": 3, "change_message": ""}}, {"model": "admin.logentry", "pk": 63, "fields": {"action_time": "2023-06-16T17:56:10.102Z", "user": 1, "content_type": 16, "object_id": "94", "object_repr": "Week 2023-10-17 - 2023-10-23", "action_flag": 3, "change_message": ""}}, {"model": "admin.logentry", "pk": 64, "fields": {"action_time": "2023-06-16T17:56:10.102Z", "user": 1, "content_type": 16, "object_id": "93", "object_repr": "Week 2023-10-10 - 2023-10-16", "action_flag": 3, "change_message": ""}}, {"model": "admin.logentry", "pk": 65, "fields": {"action_time": "2023-06-16T17:56:10.103Z", "user": 1, "content_type": 16, "object_id": "92", "object_repr": "Week 2023-10-03 - 2023-10-09", "action_flag": 3, "change_message": ""}}, {"model": "admin.logentry", "pk": 66, "fields": {"action_time": "2023-06-16T17:56:10.103Z", "user": 1, "content_type": 16, "object_id": "91", "object_repr": "Week 2023-09-26 - 2023-10-02", "action_flag": 3, "change_message": ""}}, {"model": "admin.logentry", "pk": 67, "fields": {"action_time": "2023-06-16T17:56:10.104Z", "user": 1, "content_type": 16, "object_id": "90", "object_repr": "Week 2023-09-19 - 2023-09-25", "action_flag": 3, "change_message": ""}}, {"model": "admin.logentry", "pk": 68, "fields": {"action_time": "2023-06-16T17:56:10.104Z", "user": 1, "content_type": 16, "object_id": "89", "object_repr": "Week 2023-09-12 - 2023-09-18", "action_flag": 3, "change_message": ""}}, {"model": "admin.logentry", "pk": 69, "fields": {"action_time": "2023-06-16T17:56:10.105Z", "user": 1, "content_type": 16, "object_id": "88", "object_repr": "Week 2023-09-05 - 2023-09-11", "action_flag": 3, "change_message": ""}}, {"model": "admin.logentry", "pk": 70, "fields": {"action_time": "2023-06-16T17:56:10.106Z", "user": 1, "content_type": 16, "object_id": "87", "object_repr": "Week 2023-08-29 - 2023-09-04", "action_flag": 3, "change_message": ""}}, {"model": "admin.logentry", "pk": 71, "fields": {"action_time": "2023-06-16T17:56:10.106Z", "user": 1, "content_type": 16, "object_id": "86", "object_repr": "Week 2023-08-22 - 2023-08-28", "action_flag": 3, "change_message": ""}}, {"model": "admin.logentry", "pk": 72, "fields": {"action_time": "2023-06-16T17:56:10.107Z", "user": 1, "content_type": 16, "object_id": "85", "object_repr": "Week 2023-08-15 - 2023-08-21", "action_flag": 3, "change_message": ""}}, {"model": "admin.logentry", "pk": 73, "fields": {"action_time": "2023-06-16T17:56:10.107Z", "user": 1, "content_type": 16, "object_id": "84", "object_repr": "Week 2023-08-08 - 2023-08-14", "action_flag": 3, "change_message": ""}}, {"model": "admin.logentry", "pk": 74, "fields": {"action_time": "2023-06-16T17:56:10.108Z", "user": 1, "content_type": 16, "object_id": "83", "object_repr": "Week 2023-08-01 - 2023-08-07", "action_flag": 3, "change_message": ""}}, {"model": "admin.logentry", "pk": 75, "fields": {"action_time": "2023-06-16T17:56:10.108Z", "user": 1, "content_type": 16, "object_id": "82", "object_repr": "Week 2023-07-25 - 2023-07-31", "action_flag": 3, "change_message": ""}}, {"model": "admin.logentry", "pk": 76, "fields": {"action_time": "2023-06-16T17:56:10.109Z", "user": 1, "content_type": 16, "object_id": "81", "object_repr": "Week 2023-07-18 - 2023-07-24", "action_flag": 3, "change_message": ""}}, {"model": "admin.logentry", "pk": 77, "fields": {"action_time": "2023-06-16T17:56:10.110Z", "user": 1, "content_type": 16, "object_id": "80", "object_repr": "Week 2023-07-11 - 2023-07-17", "action_flag": 3, "change_message": ""}}, {"model": "admin.logentry", "pk": 78, "fields": {"action_time": "2023-06-16T17:56:10.110Z", "user": 1, "content_type": 16, "object_id": "79", "object_repr": "Week 2023-07-04 - 2023-07-10", "action_flag": 3, "change_message": ""}}, {"model": "admin.logentry", "pk": 79, "fields": {"action_time": "2023-06-16T17:56:10.111Z", "user": 1, "content_type": 16, "object_id": "78", "object_repr": "Week 2023-06-27 - 2023-07-03", "action_flag": 3, "change_message": ""}}, {"model": "admin.logentry", "pk": 80, "fields": {"action_time": "2023-06-16T17:56:10.111Z", "user": 1, "content_type": 16, "object_id": "77", "object_repr": "Week 2023-06-20 - 2023-06-26", "action_flag": 3, "change_message": ""}}, {"model": "admin.logentry", "pk": 81, "fields": {"action_time": "2023-06-16T17:56:10.112Z", "user": 1, "content_type": 16, "object_id": "76", "object_repr": "Week 2023-06-13 - 2023-06-19", "action_flag": 3, "change_message": ""}}, {"model": "admin.logentry", "pk": 82, "fields": {"action_time": "2023-06-16T17:56:10.112Z", "user": 1, "content_type": 16, "object_id": "75", "object_repr": "Week 2023-06-06 - 2023-06-12", "action_flag": 3, "change_message": ""}}, {"model": "admin.logentry", "pk": 83, "fields": {"action_time": "2023-06-16T17:56:10.113Z", "user": 1, "content_type": 16, "object_id": "74", "object_repr": "Week 2023-05-30 - 2023-06-05", "action_flag": 3, "change_message": ""}}, {"model": "admin.logentry", "pk": 84, "fields": {"action_time": "2023-06-16T17:56:10.113Z", "user": 1, "content_type": 16, "object_id": "73", "object_repr": "Week 2023-05-23 - 2023-05-29", "action_flag": 3, "change_message": ""}}, {"model": "admin.logentry", "pk": 85, "fields": {"action_time": "2023-06-16T17:56:10.114Z", "user": 1, "content_type": 16, "object_id": "72", "object_repr": "Week 2023-05-16 - 2023-05-22", "action_flag": 3, "change_message": ""}}, {"model": "admin.logentry", "pk": 86, "fields": {"action_time": "2023-06-16T17:56:10.114Z", "user": 1, "content_type": 16, "object_id": "71", "object_repr": "Week 2023-05-09 - 2023-05-15", "action_flag": 3, "change_message": ""}}, {"model": "admin.logentry", "pk": 87, "fields": {"action_time": "2023-06-16T17:56:10.115Z", "user": 1, "content_type": 16, "object_id": "70", "object_repr": "Week 2023-05-02 - 2023-05-08", "action_flag": 3, "change_message": ""}}, {"model": "admin.logentry", "pk": 88, "fields": {"action_time": "2023-06-16T17:56:10.115Z", "user": 1, "content_type": 16, "object_id": "69", "object_repr": "Week 2023-04-25 - 2023-05-01", "action_flag": 3, "change_message": ""}}, {"model": "admin.logentry", "pk": 89, "fields": {"action_time": "2023-06-16T17:56:10.116Z", "user": 1, "content_type": 16, "object_id": "68", "object_repr": "Week 2023-04-18 - 2023-04-24", "action_flag": 3, "change_message": ""}}, {"model": "admin.logentry", "pk": 90, "fields": {"action_time": "2023-06-16T17:56:10.118Z", "user": 1, "content_type": 16, "object_id": "67", "object_repr": "Week 2023-04-11 - 2023-04-17", "action_flag": 3, "change_message": ""}}, {"model": "admin.logentry", "pk": 91, "fields": {"action_time": "2023-06-16T17:56:10.119Z", "user": 1, "content_type": 16, "object_id": "66", "object_repr": "Week 2023-04-04 - 2023-04-10", "action_flag": 3, "change_message": ""}}, {"model": "admin.logentry", "pk": 92, "fields": {"action_time": "2023-06-16T17:56:10.119Z", "user": 1, "content_type": 16, "object_id": "65", "object_repr": "Week 2023-03-28 - 2023-04-03", "action_flag": 3, "change_message": ""}}, {"model": "admin.logentry", "pk": 93, "fields": {"action_time": "2023-06-16T17:56:10.120Z", "user": 1, "content_type": 16, "object_id": "64", "object_repr": "Week 2023-03-21 - 2023-03-27", "action_flag": 3, "change_message": ""}}, {"model": "admin.logentry", "pk": 94, "fields": {"action_time": "2023-06-16T17:56:10.120Z", "user": 1, "content_type": 16, "object_id": "63", "object_repr": "Week 2023-03-14 - 2023-03-20", "action_flag": 3, "change_message": ""}}, {"model": "admin.logentry", "pk": 95, "fields": {"action_time": "2023-06-16T17:56:10.121Z", "user": 1, "content_type": 16, "object_id": "62", "object_repr": "Week 2023-03-07 - 2023-03-13", "action_flag": 3, "change_message": ""}}, {"model": "admin.logentry", "pk": 96, "fields": {"action_time": "2023-06-16T17:56:10.121Z", "user": 1, "content_type": 16, "object_id": "61", "object_repr": "Week 2023-02-28 - 2023-03-06", "action_flag": 3, "change_message": ""}}, {"model": "admin.logentry", "pk": 97, "fields": {"action_time": "2023-06-16T17:56:10.121Z", "user": 1, "content_type": 16, "object_id": "60", "object_repr": "Week 2023-02-21 - 2023-02-27", "action_flag": 3, "change_message": ""}}, {"model": "admin.logentry", "pk": 98, "fields": {"action_time": "2023-06-16T17:56:10.122Z", "user": 1, "content_type": 16, "object_id": "59", "object_repr": "Week 2023-02-14 - 2023-02-20", "action_flag": 3, "change_message": ""}}, {"model": "admin.logentry", "pk": 99, "fields": {"action_time": "2023-06-16T17:56:10.122Z", "user": 1, "content_type": 16, "object_id": "58", "object_repr": "Week 2023-02-07 - 2023-02-13", "action_flag": 3, "change_message": ""}}, {"model": "admin.logentry", "pk": 100, "fields": {"action_time": "2023-06-16T17:56:10.123Z", "user": 1, "content_type": 16, "object_id": "57", "object_repr": "Week 2023-01-31 - 2023-02-06", "action_flag": 3, "change_message": ""}}, {"model": "admin.logentry", "pk": 101, "fields": {"action_time": "2023-06-16T17:56:10.123Z", "user": 1, "content_type": 16, "object_id": "56", "object_repr": "Week 2023-01-24 - 2023-01-30", "action_flag": 3, "change_message": ""}}, {"model": "admin.logentry", "pk": 102, "fields": {"action_time": "2023-06-16T17:56:10.123Z", "user": 1, "content_type": 16, "object_id": "55", "object_repr": "Week 2023-01-17 - 2023-01-23", "action_flag": 3, "change_message": ""}}, {"model": "admin.logentry", "pk": 103, "fields": {"action_time": "2023-06-16T17:56:10.124Z", "user": 1, "content_type": 16, "object_id": "54", "object_repr": "Week 2023-01-10 - 2023-01-16", "action_flag": 3, "change_message": ""}}, {"model": "admin.logentry", "pk": 104, "fields": {"action_time": "2023-06-16T17:56:10.124Z", "user": 1, "content_type": 16, "object_id": "53", "object_repr": "Week 2023-01-03 - 2023-01-09", "action_flag": 3, "change_message": ""}}, {"model": "auth.permission", "pk": 1, "fields": {"name": "Can add log entry", "content_type": 1, "codename": "add_logentry"}}, {"model": "auth.permission", "pk": 2, "fields": {"name": "Can change log entry", "content_type": 1, "codename": "change_logentry"}}, {"model": "auth.permission", "pk": 3, "fields": {"name": "Can delete log entry", "content_type": 1, "codename": "delete_logentry"}}, {"model": "auth.permission", "pk": 4, "fields": {"name": "Can view log entry", "content_type": 1, "codename": "view_logentry"}}, {"model": "auth.permission", "pk": 5, "fields": {"name": "Can add permission", "content_type": 2, "codename": "add_permission"}}, {"model": "auth.permission", "pk": 6, "fields": {"name": "Can change permission", "content_type": 2, "codename": "change_permission"}}, {"model": "auth.permission", "pk": 7, "fields": {"name": "Can delete permission", "content_type": 2, "codename": "delete_permission"}}, {"model": "auth.permission", "pk": 8, "fields": {"name": "Can view permission", "content_type": 2, "codename": "view_permission"}}, {"model": "auth.permission", "pk": 9, "fields": {"name": "Can add group", "content_type": 3, "codename": "add_group"}}, {"model": "auth.permission", "pk": 10, "fields": {"name": "Can change group", "content_type": 3, "codename": "change_group"}}, {"model": "auth.permission", "pk": 11, "fields": {"name": "Can delete group", "content_type": 3, "codename": "delete_group"}}, {"model": "auth.permission", "pk": 12, "fields": {"name": "Can view group", "content_type": 3, "codename": "view_group"}}, {"model": "auth.permission", "pk": 13, "fields": {"name": "Can add content type", "content_type": 4, "codename": "add_contenttype"}}, {"model": "auth.permission", "pk": 14, "fields": {"name": "Can change content type", "content_type": 4, "codename": "change_contenttype"}}, {"model": "auth.permission", "pk": 15, "fields": {"name": "Can delete content type", "content_type": 4, "codename": "delete_contenttype"}}, {"model": "auth.permission", "pk": 16, "fields": {"name": "Can view content type", "content_type": 4, "codename": "view_contenttype"}}, {"model": "auth.permission", "pk": 17, "fields": {"name": "Can add session", "content_type": 5, "codename": "add_session"}}, {"model": "auth.permission", "pk": 18, "fields": {"name": "Can change session", "content_type": 5, "codename": "change_session"}}, {"model": "auth.permission", "pk": 19, "fields": {"name": "Can delete session", "content_type": 5, "codename": "delete_session"}}, {"model": "auth.permission", "pk": 20, "fields": {"name": "Can view session", "content_type": 5, "codename": "view_session"}}, {"model": "auth.permission", "pk": 21, "fields": {"name": "Can add captcha store", "content_type": 6, "codename": "add_captchastore"}}, {"model": "auth.permission", "pk": 22, "fields": {"name": "Can change captcha store", "content_type": 6, "codename": "change_captchastore"}}, {"model": "auth.permission", "pk": 23, "fields": {"name": "Can delete captcha store", "content_type": 6, "codename": "delete_captchastore"}}, {"model": "auth.permission", "pk": 24, "fields": {"name": "Can view captcha store", "content_type": 6, "codename": "view_captchastore"}}, {"model": "auth.permission", "pk": 25, "fields": {"name": "Can add user", "content_type": 7, "codename": "add_user"}}, {"model": "auth.permission", "pk": 26, "fields": {"name": "Can change user", "content_type": 7, "codename": "change_user"}}, {"model": "auth.permission", "pk": 27, "fields": {"name": "Can delete user", "content_type": 7, "codename": "delete_user"}}, {"model": "auth.permission", "pk": 28, "fields": {"name": "Can view user", "content_type": 7, "codename": "view_user"}}, {"model": "auth.permission", "pk": 29, "fields": {"name": "Can add auditorium_ type", "content_type": 8, "codename": "add_auditorium_type"}}, {"model": "auth.permission", "pk": 30, "fields": {"name": "Can change auditorium_ type", "content_type": 8, "codename": "change_auditorium_type"}}, {"model": "auth.permission", "pk": 31, "fields": {"name": "Can delete auditorium_ type", "content_type": 8, "codename": "delete_auditorium_type"}}, {"model": "auth.permission", "pk": 32, "fields": {"name": "Can view auditorium_ type", "content_type": 8, "codename": "view_auditorium_type"}}, {"model": "auth.permission", "pk": 33, "fields": {"name": "Can add university_ building", "content_type": 9, "codename": "add_university_building"}}, {"model": "auth.permission", "pk": 34, "fields": {"name": "Can change university_ building", "content_type": 9, "codename": "change_university_building"}}, {"model": "auth.permission", "pk": 35, "fields": {"name": "Can delete university_ building", "content_type": 9, "codename": "delete_university_building"}}, {"model": "auth.permission", "pk": 36, "fields": {"name": "Can view university_ building", "content_type": 9, "codename": "view_university_building"}}, {"model": "auth.permission", "pk": 37, "fields": {"name": "Can add university_ unit", "content_type": 10, "codename": "add_university_unit"}}, {"model": "auth.permission", "pk": 38, "fields": {"name": "Can change university_ unit", "content_type": 10, "codename": "change_university_unit"}}, {"model": "auth.permission", "pk": 39, "fields": {"name": "Can delete university_ unit", "content_type": 10, "codename": "delete_university_unit"}}, {"model": "auth.permission", "pk": 40, "fields": {"name": "Can view university_ unit", "content_type": 10, "codename": "view_university_unit"}}, {"model": "auth.permission", "pk": 41, "fields": {"name": "Can add auditorium", "content_type": 11, "codename": "add_auditorium"}}, {"model": "auth.permission", "pk": 42, "fields": {"name": "Can change auditorium", "content_type": 11, "codename": "change_auditorium"}}, {"model": "auth.permission", "pk": 43, "fields": {"name": "Can delete auditorium", "content_type": 11, "codename": "delete_auditorium"}}, {"model": "auth.permission", "pk": 44, "fields": {"name": "Can view auditorium", "content_type": 11, "codename": "view_auditorium"}}, {"model": "auth.permission", "pk": 45, "fields": {"name": "Can add timetable item", "content_type": 12, "codename": "add_timetableitem"}}, {"model": "auth.permission", "pk": 46, "fields": {"name": "Can change timetable item", "content_type": 12, "codename": "change_timetableitem"}}, {"model": "auth.permission", "pk": 47, "fields": {"name": "Can delete timetable item", "content_type": 12, "codename": "delete_timetableitem"}}, {"model": "auth.permission", "pk": 48, "fields": {"name": "Can view timetable item", "content_type": 12, "codename": "view_timetableitem"}}, {"model": "auth.permission", "pk": 49, "fields": {"name": "Can add type_ timetable item", "content_type": 13, "codename": "add_type_timetableitem"}}, {"model": "auth.permission", "pk": 50, "fields": {"name": "Can change type_ timetable item", "content_type": 13, "codename": "change_type_timetableitem"}}, {"model": "auth.permission", "pk": 51, "fields": {"name": "Can delete type_ timetable item", "content_type": 13, "codename": "delete_type_timetableitem"}}, {"model": "auth.permission", "pk": 52, "fields": {"name": "Can view type_ timetable item", "content_type": 13, "codename": "view_type_timetableitem"}}, {"model": "auth.permission", "pk": 53, "fields": {"name": "Can add cron job log", "content_type": 14, "codename": "add_cronjoblog"}}, {"model": "auth.permission", "pk": 54, "fields": {"name": "Can change cron job log", "content_type": 14, "codename": "change_cronjoblog"}}, {"model": "auth.permission", "pk": 55, "fields": {"name": "Can delete cron job log", "content_type": 14, "codename": "delete_cronjoblog"}}, {"model": "auth.permission", "pk": 56, "fields": {"name": "Can view cron job log", "content_type": 14, "codename": "view_cronjoblog"}}, {"model": "auth.permission", "pk": 57, "fields": {"name": "Can add cron job lock", "content_type": 15, "codename": "add_cronjoblock"}}, {"model": "auth.permission", "pk": 58, "fields": {"name": "Can change cron job lock", "content_type": 15, "codename": "change_cronjoblock"}}, {"model": "auth.permission", "pk": 59, "fields": {"name": "Can delete cron job lock", "content_type": 15, "codename": "delete_cronjoblock"}}, {"model": "auth.permission", "pk": 60, "fields": {"name": "Can view cron job lock", "content_type": 15, "codename": "view_cronjoblock"}}, {"model": "auth.permission", "pk": 61, "fields": {"name": "Can add week", "content_type": 16, "codename": "add_week"}}, {"model": "auth.permission", "pk": 62, "fields": {"name": "Can change week", "content_type": 16, "codename": "change_week"}}, {"model": "auth.permission", "pk": 63, "fields": {"name": "Can delete week", "content_type": 16, "codename": "delete_week"}}, {"model": "auth.permission", "pk": 64, "fields": {"name": "Can view week", "content_type": 16, "codename": "view_week"}}, {"model": "contenttypes.contenttype", "pk": 1, "fields": {"app_label": "admin", "model": "logentry"}}, {"model": "contenttypes.contenttype", "pk": 2, "fields": {"app_label": "auth", "model": "permission"}}, {"model": "contenttypes.contenttype", "pk": 3, "fields": {"app_label": "auth", "model": "group"}}, {"model": "contenttypes.contenttype", "pk": 4, "fields": {"app_label": "contenttypes", "model": "contenttype"}}, {"model": "contenttypes.contenttype", "pk": 5, "fields": {"app_label": "sessions", "model": "session"}}, {"model": "contenttypes.contenttype", "pk": 6, "fields": {"app_label": "captcha", "model": "captchastore"}}, {"model": "contenttypes.contenttype", "pk": 7, "fields": {"app_label": "users", "model": "user"}}, {"model": "contenttypes.contenttype", "pk": 8, "fields": {"app_label": "users", "model": "auditorium_type"}}, {"model": "contenttypes.contenttype", "pk": 9, "fields": {"app_label": "users", "model": "university_building"}}, {"model": "contenttypes.contenttype", "pk": 10, "fields": {"app_label": "users", "model": "university_unit"}}, {"model": "contenttypes.contenttype", "pk": 11, "fields": {"app_label": "users", "model": "auditorium"}}, {"model": "contenttypes.contenttype", "pk": 12, "fields": {"app_label": "timetable", "model": "timetableitem"}}, {"model": "contenttypes.contenttype", "pk": 13, "fields": {"app_label": "timetable", "model": "type_timetableitem"}}, {"model": "contenttypes.contenttype", "pk": 14, "fields": {"app_label": "django_cron", "model": "cronjoblog"}}, {"model": "contenttypes.contenttype", "pk": 15, "fields": {"app_label": "django_cron", "model": "cronjoblock"}}, {"model": "contenttypes.contenttype", "pk": 16, "fields": {"app_label": "timetable", "model": "week"}}, {"model": "sessions.session", "pk": "duow2ggdfsnbh5n5r2lpwi1qguh9555c", "fields": {"session_data": ".eJxVjEEOwiAQRe_C2hCh4IBL9z0DmRlAqgaS0q6MdzckXej2v_f-WwTctxL2ntawRHEVSpx-N0J-pjpAfGC9N8mtbutCcijyoF3OLabX7XD_Dgr2Mmr2mCyxz0ZrjAwagMFnTWdvFbIGD9E6ipMzrJQzyTlDFiZFORm6iM8X-ss4Fw:1q1l8M:vnYFHbYQ7jB8Kv8Fty_cI3Qq4_VrOUAyIutoLHbcrPo", "expire_date": "2023-06-07T09:50:18.358Z"}}, {"model": "sessions.session", "pk": "juqdq4hx1vkycseojhg4usvousgvttpa", "fields": {"session_data": ".eJxVjDsOwjAQBe_iGln-fyjpOYO13rVxADlSnFSIu0OkFNC-mXkvlmBbW9pGWdJE7MwMO_1uGfBR-g7oDv02c5z7ukyZ7wo_6ODXmcrzcrh_Bw1G-9Yo0DsrgqJSiaKQCEaAdrZCQKEzOaVd1UFpmY0V2UZvAnhUUaEkyuz9AeQHN8E:1q22AF:NdaxBqk_72X0FniaZJw5sh0OQiU4ZeuDI01Q1Vbqr94", "expire_date": "2023-06-08T04:01:23.032Z"}}, {"model": "sessions.session", "pk": "pp8825pst1srrt3muifz8mm2sl1dl6v3", "fields": {"session_data": ".eJxVjEEOwiAQRe_C2hCh4IBL9z0DmRlAqgaS0q6MdzckXej2v_f-WwTctxL2ntawRHEVSpx-N0J-pjpAfGC9N8mtbutCcijyoF3OLabX7XD_Dgr2Mmr2mCyxz0ZrjAwagMFnTWdvFbIGD9E6ipMzrJQzyTlDFiZFORm6iM8X-ss4Fw:1q9rsb:pIhsqYF9_kkrRuO6qZd8RgmM7TACOlp_Zp2p6qvo5jg", "expire_date": "2023-06-29T18:39:33.800Z"}}, {"model": "users.university_unit", "pk": 1, "fields": {"name": "Технопарк универсальных педагогических компетенций", "abbreviation": "Технопарк", "info": "Технопарк универсальных педагогических компетенций"}}, {"model": "users.university_unit", "pk": 2, "fields": {"name": "Гуманитарный Институт", "abbreviation": "ГумФак", "info": "Гуманитарный Институт"}}, {"model": "users.university_building", "pk": 1, "fields": {"name": "Главный", "address": "Курганская область, г. Шадринск, ул. Карла Либкнехта, д.3", "info": "Главный"}}, {"model": "users.auditorium_type", "pk": 1, "fields": {"name": "Лекционная", "info": "для проведения лекций"}}, {"model": "users.auditorium_type", "pk": 2, "fields": {"name": "Семинарская", "info": "Аудитория для проведения семенаров"}}, {"model": "users.auditorium_type", "pk": 3, "fields": {"name": "Смешанный тип", "info": "В аудитории могут проводится как лекционные, так и семинарские занятия."}}, {"model": "users.auditorium_type", "pk": 4, "fields": {"name": "Компьютерная аудитория", "info": "Для проведения лабораторный работ на ПК"}}, {"model": "users.auditorium", "pk": 1, "fields": {"name": "129A", "building": 1, "university_unit": 2, "type": 1, "area": 100, "capacity": 40, "info": "демо"}}, {"model": "users.auditorium", "pk": 2, "fields": {"name": "128A", "building": 1, "university_unit": 2, "type": 1, "area": 100, "capacity": 20, "info": "128A"}}, {"model": "users.auditorium", "pk": 3, "fields": {"name": "232A", "building": 1, "university_unit": 1, "type": 1, "area": 100, "capacity": 60, "info": "аудитория 232А"}}, {"model": "users.auditorium", "pk": 4, "fields": {"name": "233A", "building": 1, "university_unit": 1, "type": 3, "area": 200, "capacity": 100, "info": "аудитория для проведения разных занятий"}}, {"model": "users.auditorium", "pk": 5, "fields": {"name": "234A", "building": 1, "university_unit": 1, "type": 2, "area": 60, "capacity": 20, "info": "Аудитория для проведения лабораторных и семинарских занятий на оборудовании хим-био и физического кластера Технопарка УПК"}}, {"model": "users.auditorium", "pk": 6, "fields": {"name": "235A", "building": 1, "university_unit": 1, "type": 4, "area": 80, "capacity": 20, "info": "Аудитория для проведения лабораторных занятий на ПК"}}, {"model": "users.user", "pk": 1, "fields": {"password": "pbkdf2_sha256$390000$XCrd6PHbjcV1S0Y8s1EdM8$KoXQc4pqH4orWjLvjXTfx+9cbej9qREtg4aQ/GfFMDA=", "last_login": "2023-05-22T04:08:59.825Z", "is_superuser": true, "username": "root", "first_name": "", "last_name": "", "email": "techno@shgpi.edu.ru", "is_staff": true, "is_active": true, "date_joined": "2023-03-11T11:52:36.036Z", "patronymic": "", "university_unit": null, "phone_number": null, "is_verificated": true, "info": "", "groups": [], "user_permissions": []}}, {"model": "users.user", "pk": 2, "fields": {"password": "pbkdf2_sha256$390000$0zU73fNpWRmwEBMT0Uy0pM$riI/m9BqphapK7/K/iEF/sAYEBKJ48cd4FgbfM6grlI=", "last_login": "2023-05-18T07:11:20.629Z", "is_superuser": false, "username": "test1", "first_name": "test1", "last_name": "test1", "email": "test1@test.ts", "is_staff": false, "is_active": true, "date_joined": "2023-04-24T18:23:03.629Z", "patronymic": "", "university_unit": 1, "phone_number": null, "is_verificated": true, "info": "", "groups": [], "user_permissions": []}}, {"model": "users.user", "pk": 3, "fields": {"password": "pbkdf2_sha256$390000$dCZ5XhxSE9AcOEyY0cRTJs$NIRQt6s0rCp87RWrcKttZV6Mly8GHMtLsMZD1SJDffA=", "last_login": "2023-05-11T10:23:28.333Z", "is_superuser": false, "username": "test2", "first_name": "Ivan", "last_name": "Ivoanov", "email": "i@i.ru", "is_staff": false, "is_active": true, "date_joined": "2023-05-11T10:23:28.005Z", "patronymic": "", "university_unit": 2, "phone_number": null, "is_verificated": true, "info": "", "groups": [], "user_permissions": []}}, {"model": "users.user", "pk": 4, "fields": {"password": "pbkdf2_sha256$390000$RWa7eDsEK7qsIocglO0guN$gmISb3AMWVWo2hWGFak9UV2fT3R6t5G/2XHk/lh5ZlI=", "last_login": "2023-05-13T16:02:46.379Z", "is_superuser": false, "username": "test3", "first_name": "test3", "last_name": "test3", "email": "test3@i.ru", "is_staff": false, "is_active": true, "date_joined": "2023-05-13T16:01:34.222Z", "patronymic": "", "university_unit": 2, "phone_number": "88002223535", "is_verificated": false, "info": "", "groups": [], "user_permissions": []}}, {"model": "users.user", "pk": 5, "fields": {"password": "pbkdf2_sha256$390000$fmz1uSIp8HsRtNh0fp91o8$LpGf6jAhidc1DQS3JtLrPqophrPbc5/wEEzxye53NYw=", "last_login": "2023-05-16T06:43:21.346Z", "is_superuser": false, "username": "test5", "first_name": "test5", "last_name": "test5", "email": "test5@example.com", "is_staff": false, "is_active": true, "date_joined": "2023-05-16T06:43:21.039Z", "patronymic": "", "university_unit": 2, "phone_number": "88002223535", "is_verificated": false, "info": "", "groups": [], "user_permissions": []}}, {"model": "users.user", "pk": 6, "fields": {"password": "pbkdf2_sha256$390000$KCW0yqJ6n2WeUoxqfXWVjp$GlwEAUOwlsmYJWsncKWeu2/VPoa38lmQ1TfexOyN1e4=", "last_login": "2023-05-17T06:23:59.410Z", "is_superuser": false, "username": "test7", "first_name": "test5", "last_name": "test5", "email": "terst5@mail.ru", "is_staff": false, "is_active": true, "date_joined": "2023-05-17T06:23:59.078Z", "patronymic": "", "university_unit": 2, "phone_number": "88004442525", "is_verificated": true, "info": "", "groups": [], "user_permissions": []}}, {"model": "users.user", "pk": 7, "fields": {"password": "pbkdf2_sha256$390000$ZnOhvppHPe17CEyjT5xpE2$6PWfGvUkWLkun0vi1FkyIJVLFF6UlSd/OZKBfXjNMSA=", "last_login": "2023-05-23T04:03:21.496Z", "is_superuser": false, "username": "user1", "first_name": "Иван", "last_name": "Иванов", "email": "ivanov1ivan@mail.ru", "is_staff": false, "is_active": true, "date_joined": "2023-05-23T04:03:21.134Z", "patronymic": "Иванович", "university_unit": 1, "phone_number": "89226749278", "is_verificated": true, "info": "", "groups": [], "user_permissions": []}}, {"model": "timetable.type_timetableitem", "pk": 1, "fields": {"name": "Лекция", "info": "лекция для теста"}}, {"model": "timetable.type_timetableitem", "pk": 2, "fields": {"name": "Семинар", "info": "семинар"}}, {"model": "timetable.type_timetableitem", "pk": 3, "fields": {"name": "Мероприятие", "info": ""}}, {"model": "timetable.type_timetableitem", "pk": 4, "fields": {"name": "Экскурсия для школьников", "info": ""}}, {"model": "timetable.type_timetableitem", "pk": 5, "fields": {"name": "Научный совет", "info": ""}}, {"model": "timetable.type_timetableitem", "pk": 6, "fields": {"name": "Пред.защита", "info": ""}}, {"model": "timetable.type_timetableitem", "pk": 7, "fields": {"name": "защита дипломов", "info": ""}}, {"model": "timetable.timetableitem", "pk": 2, "fields": {"name": "test0001", "organazer": 1, "type": 1, "amount_people": 12, "start_time": "12:00:00", "end_time": "14:00:00", "date": "2023-05-07", "info": "", "status": "APPROVED", "who_approved": null, "datetime_approved": null, "auditorium": [1]}}, {"model": "timetable.timetableitem", "pk": 3, "fields": {"name": "test0001", "organazer": 1, "type": 1, "amount_people": 12, "start_time": "12:00:00", "end_time": "14:00:00", "date": "2023-05-07", "info": "test", "status": "APPROVED", "who_approved": 1, "datetime_approved": "2023-05-08T14:59:26.740Z", "auditorium": [1]}}, {"model": "timetable.timetableitem", "pk": 4, "fields": {"name": "test11", "organazer": 1, "type": 1, "amount_people": 12, "start_time": "10:00:00", "end_time": "13:00:00", "date": "2023-05-10", "info": "", "status": "APPROVED", "who_approved": 1, "datetime_approved": "2023-05-09T17:46:12.090Z", "auditorium": [1]}}, {"model": "timetable.timetableitem", "pk": 5, "fields": {"name": "t123", "organazer": 1, "type": 1, "amount_people": 12, "start_time": "08:00:00", "end_time": "10:00:00", "date": "2023-05-12", "info": "", "status": "APPROVED", "who_approved": 1, "datetime_approved": "2023-05-08T15:40:24.412Z", "auditorium": [1]}}, {"model": "timetable.timetableitem", "pk": 6, "fields": {"name": "qwe", "organazer": 1, "type": 1, "amount_people": 13, "start_time": "12:00:00", "end_time": "14:00:00", "date": "2023-05-11", "info": "", "status": "APPROVED", "who_approved": 1, "datetime_approved": "2023-05-09T12:52:15.183Z", "auditorium": [2]}}, {"model": "timetable.timetableitem", "pk": 7, "fields": {"name": "frwedfa", "organazer": 1, "type": 1, "amount_people": 12, "start_time": "12:00:00", "end_time": "13:00:00", "date": "2023-05-10", "info": "", "status": "APPROVED", "who_approved": 1, "datetime_approved": "2023-05-09T17:48:27.619Z", "auditorium": [1]}}, {"model": "timetable.timetableitem", "pk": 8, "fields": {"name": "csdaa", "organazer": 1, "type": 1, "amount_people": 32, "start_time": "08:00:00", "end_time": "10:00:00", "date": "2023-05-10", "info": "", "status": "APPROVED", "who_approved": 1, "datetime_approved": "2023-05-09T17:50:21.486Z", "auditorium": [1]}}, {"model": "timetable.timetableitem", "pk": 9, "fields": {"name": "csz", "organazer": 1, "type": 1, "amount_people": 12, "start_time": "12:00:00", "end_time": "13:00:00", "date": "2023-05-15", "info": "", "status": "APPROVED", "who_approved": 1, "datetime_approved": "2023-05-09T18:24:36.113Z", "auditorium": [1]}}, {"model": "timetable.timetableitem", "pk": 10, "fields": {"name": "frewhogiw", "organazer": 1, "type": 1, "amount_people": 10, "start_time": "12:00:00", "end_time": "15:00:00", "date": "2023-05-11", "info": "", "status": "APPROVED", "who_approved": 1, "datetime_approved": "2023-05-10T09:01:54.934Z", "auditorium": [2]}}, {"model": "timetable.timetableitem", "pk": 11, "fields": {"name": "test0101", "organazer": 2, "type": 1, "amount_people": 5, "start_time": "10:30:00", "end_time": "12:30:00", "date": "2023-05-11", "info": "", "status": "APPROVED", "who_approved": 1, "datetime_approved": "2023-05-10T09:51:53.878Z", "auditorium": [1]}}, {"model": "timetable.timetableitem", "pk": 12, "fields": {"name": "vscxz", "organazer": 2, "type": 1, "amount_people": 14, "start_time": "11:20:00", "end_time": "12:00:00", "date": "2023-05-12", "info": "", "status": "APPROVED", "who_approved": 1, "datetime_approved": "2023-05-11T05:04:33.631Z", "auditorium": [2]}}, {"model": "timetable.timetableitem", "pk": 13, "fields": {"name": "qwer12456", "organazer": 2, "type": 1, "amount_people": 10, "start_time": "12:00:00", "end_time": "13:00:00", "date": "2023-05-12", "info": "", "status": "APPROVED", "who_approved": 1, "datetime_approved": "2023-05-11T10:15:54.857Z", "auditorium": [2]}}, {"model": "timetable.timetableitem", "pk": 14, "fields": {"name": "qwe", "organazer": 2, "type": 1, "amount_people": 12, "start_time": "10:00:00", "end_time": "11:00:00", "date": "2023-05-14", "info": "xnjnxj", "status": "APPROVED", "who_approved": 1, "datetime_approved": "2023-05-13T11:12:31.599Z", "auditorium": [2]}}, {"model": "timetable.timetableitem", "pk": 15, "fields": {"name": "qqq", "organazer": 2, "type": 1, "amount_people": 12, "start_time": "10:11:00", "end_time": "11:30:00", "date": "2023-05-14", "info": "12 peoples", "status": "APPROVED", "who_approved": 1, "datetime_approved": "2023-05-13T16:45:17.316Z", "auditorium": [2]}}, {"model": "timetable.timetableitem", "pk": 16, "fields": {"name": "qqq1", "organazer": 2, "type": 1, "amount_people": 5, "start_time": "10:11:00", "end_time": "11:30:00", "date": "2023-05-14", "info": "eta", "status": "REJECTED", "who_approved": 1, "datetime_approved": "2023-05-13T16:53:37.965Z", "auditorium": [2]}}, {"model": "timetable.timetableitem", "pk": 17, "fields": {"name": "qqq4", "organazer": 2, "type": 1, "amount_people": 3, "start_time": "10:20:00", "end_time": "11:40:00", "date": "2023-05-15", "info": "3", "status": "REJECTED", "who_approved": null, "datetime_approved": null, "auditorium": [2]}}, {"model": "timetable.timetableitem", "pk": 18, "fields": {"name": "qq4", "organazer": 2, "type": 1, "amount_people": 12, "start_time": "10:11:00", "end_time": "11:30:00", "date": "2023-05-14", "info": "12", "status": "REJECTED", "who_approved": 1, "datetime_approved": "2023-05-14T11:01:13.837Z", "auditorium": [2]}}, {"model": "timetable.timetableitem", "pk": 19, "fields": {"name": "test_all1", "organazer": 1, "type": 1, "amount_people": 100, "start_time": "08:00:00", "end_time": "10:00:00", "date": "2023-05-19", "info": "test_all1 100", "status": "APPROVED", "who_approved": 1, "datetime_approved": "2023-05-17T06:30:42.597Z", "auditorium": [1, 2]}}, {"model": "timetable.timetableitem", "pk": 20, "fields": {"name": "tttt12", "organazer": 2, "type": 1, "amount_people": 12, "start_time": "10:30:00", "end_time": "10:20:00", "date": "2023-05-19", "info": "12", "status": "REJECTED", "who_approved": null, "datetime_approved": null, "auditorium": [1]}}, {"model": "timetable.timetableitem", "pk": 21, "fields": {"name": "qqq", "organazer": 2, "type": 1, "amount_people": 12, "start_time": "12:00:00", "end_time": "14:00:00", "date": "2023-05-17", "info": "12", "status": "REJECTED", "who_approved": null, "datetime_approved": null, "auditorium": [2]}}, {"model": "timetable.timetableitem", "pk": 22, "fields": {"name": "test", "organazer": 1, "type": 1, "amount_people": 10, "start_time": "08:00:00", "end_time": "10:00:00", "date": "2023-05-23", "info": "10", "status": "APPROVED", "who_approved": 1, "datetime_approved": "2023-05-22T04:09:24.511Z", "auditorium": [2]}}, {"model": "timetable.timetableitem", "pk": 23, "fields": {"name": "тест - пара Иванов И.И.", "organazer": 1, "type": 1, "amount_people": 12, "start_time": "10:00:00", "end_time": "12:00:00", "date": "2023-05-24", "info": "12", "status": "APPROVED", "who_approved": 1, "datetime_approved": "2023-05-22T06:07:16.817Z", "auditorium": [1]}}, {"model": "timetable.timetableitem", "pk": 24, "fields": {"name": "Научный совет", "organazer": 1, "type": 5, "amount_people": 25, "start_time": "14:00:00", "end_time": "16:30:00", "date": "2023-05-24", "info": "Научный совет 24 мая, требование к техническому сопровождению", "status": "APPROVED", "who_approved": 1, "datetime_approved": "2023-05-23T05:16:23.964Z", "auditorium": [4]}}, {"model": "timetable.timetableitem", "pk": 25, "fields": {"name": "Пред.защита 430Б", "organazer": 1, "type": 6, "amount_people": 16, "start_time": "08:00:00", "end_time": "14:00:00", "date": "2023-05-25", "info": "требование к техническому сопровождению", "status": "APPROVED", "who_approved": 1, "datetime_approved": "2023-05-23T05:18:23.378Z", "auditorium": [3]}}, {"model": "timetable.timetableitem", "pk": 26, "fields": {"name": "Изучение программного обеспечения анатомического 3D атласа", "organazer": 1, "type": 3, "amount_people": 10, "start_time": "10:00:00", "end_time": "11:00:00", "date": "2023-05-23", "info": "стол Пирогова", "status": "APPROVED", "who_approved": 1, "datetime_approved": "2023-05-23T05:21:03.613Z", "auditorium": [5]}}, {"model": "timetable.timetableitem", "pk": 27, "fields": {"name": "Разновидности нейронных сетей и их применение в реальной жиз", "organazer": 1, "type": 3, "amount_people": 10, "start_time": "10:40:00", "end_time": "12:00:00", "date": "2023-05-23", "info": "Разновидности нейронных сетей и их применение в реальной жизни — Садыкова Екатерина", "status": "APPROVED", "who_approved": 1, "datetime_approved": "2023-05-23T05:21:49Z", "auditorium": [4]}}, {"model": "timetable.timetableitem", "pk": 28, "fields": {"name": "Определение частоты и периода колебания грудной клетки", "organazer": 1, "type": 3, "amount_people": 10, "start_time": "11:30:00", "end_time": "12:30:00", "date": "2023-05-23", "info": "Определение частоты и периода колебания грудной клетки в спокойном состоянии и после физической нагрузки (9 класс) – Салазкина Анастасия", "status": "APPROVED", "who_approved": 1, "datetime_approved": "2023-05-23T05:23:40.911Z", "auditorium": [5]}}, {"model": "timetable.timetableitem", "pk": 29, "fields": {"name": "Пред.защита 431Б", "organazer": 1, "type": 6, "amount_people": 20, "start_time": "08:00:00", "end_time": "14:00:00", "date": "2023-05-23", "info": "пред.защита 431Б", "status": "APPROVED", "who_approved": 1, "datetime_approved": "2023-05-23T05:29:58.148Z", "auditorium": [3]}}, {"model": "timetable.timetableitem", "pk": 30, "fields": {"name": "Пирогов В.Ю. - Проектный практикум (п6) 231Б", "organazer": 1, "type": 2, "amount_people": 12, "start_time": "08:00:00", "end_time": "09:30:00", "date": "2023-05-27", "info": "Проектный практикум (п6) 231Б", "status": "APPROVED", "who_approved": 1, "datetime_approved": "2023-05-23T05:32:39.506Z", "auditorium": [6]}}, {"model": "timetable.timetableitem", "pk": 31, "fields": {"name": "Пирогов В.Ю. - Проектный практикум (п7) 231Б", "organazer": 1, "type": 2, "amount_people": 12, "start_time": "09:40:00", "end_time": "11:10:00", "date": "2023-05-27", "info": "Проектный практикум (п6) 231Б", "status": "APPROVED", "who_approved": 1, "datetime_approved": "2023-05-23T05:33:01Z", "auditorium": [6]}}, {"model": "timetable.timetableitem", "pk": 32, "fields": {"name": "Гордиевских Д.М. - Программирование (п6) 230Б", "organazer": 1, "type": 1, "amount_people": 12, "start_time": "11:20:00", "end_time": "12:50:00", "date": "2023-05-24", "info": "Гордиевских Д.М. - Программирование (п6) 230Б", "status": "APPROVED", "who_approved": 1, "datetime_approved": "2023-05-23T05:36:24.485Z", "auditorium": [4]}}, {"model": "timetable.timetableitem", "pk": 33, "fields": {"name": "программирования", "organazer": 7, "type": 1, "amount_people": 5, "start_time": "10:00:00", "end_time": "12:00:00", "date": "2023-05-25", "info": "5", "status": "APPROVED", "who_approved": null, "datetime_approved": null, "auditorium": [1]}}, {"model": "timetable.timetableitem", "pk": 34, "fields": {"name": "test111", "organazer": 2, "type": 1, "amount_people": 10, "start_time": "10:30:00", "end_time": "11:00:00", "date": "2023-05-26", "info": "kfwe\r\nl;", "status": "APPROVED", "who_approved": 1, "datetime_approved": "2023-05-25T03:58:23.596Z", "auditorium": [1]}}, {"model": "timetable.week", "pk": 105, "fields": {"start_day": "2023-01-02", "end_day": "2023-01-08"}}, {"model": "timetable.week", "pk": 106, "fields": {"start_day": "2023-01-09", "end_day": "2023-01-15"}}, {"model": "timetable.week", "pk": 107, "fields": {"start_day": "2023-01-16", "end_day": "2023-01-22"}}, {"model": "timetable.week", "pk": 108, "fields": {"start_day": "2023-01-23", "end_day": "2023-01-29"}}, {"model": "timetable.week", "pk": 109, "fields": {"start_day": "2023-01-30", "end_day": "2023-02-05"}}, {"model": "timetable.week", "pk": 110, "fields": {"start_day": "2023-02-06", "end_day": "2023-02-12"}}, {"model": "timetable.week", "pk": 111, "fields": {"start_day": "2023-02-13", "end_day": "2023-02-19"}}, {"model": "timetable.week", "pk": 112, "fields": {"start_day": "2023-02-20", "end_day": "2023-02-26"}}, {"model": "timetable.week", "pk": 113, "fields": {"start_day": "2023-02-27", "end_day": "2023-03-05"}}, {"model": "timetable.week", "pk": 114, "fields": {"start_day": "2023-03-06", "end_day": "2023-03-12"}}, {"model": "timetable.week", "pk": 115, "fields": {"start_day": "2023-03-13", "end_day": "2023-03-19"}}, {"model": "timetable.week", "pk": 116, "fields": {"start_day": "2023-03-20", "end_day": "2023-03-26"}}, {"model": "timetable.week", "pk": 117, "fields": {"start_day": "2023-03-27", "end_day": "2023-04-02"}}, {"model": "timetable.week", "pk": 118, "fields": {"start_day": "2023-04-03", "end_day": "2023-04-09"}}, {"model": "timetable.week", "pk": 119, "fields": {"start_day": "2023-04-10", "end_day": "2023-04-16"}}, {"model": "timetable.week", "pk": 120, "fields": {"start_day": "2023-04-17", "end_day": "2023-04-23"}}, {"model": "timetable.week", "pk": 121, "fields": {"start_day": "2023-04-24", "end_day": "2023-04-30"}}, {"model": "timetable.week", "pk": 122, "fields": {"start_day": "2023-05-01", "end_day": "2023-05-07"}}, {"model": "timetable.week", "pk": 123, "fields": {"start_day": "2023-05-08", "end_day": "2023-05-14"}}, {"model": "timetable.week", "pk": 124, "fields": {"start_day": "2023-05-15", "end_day": "2023-05-21"}}, {"model": "timetable.week", "pk": 125, "fields": {"start_day": "2023-05-22", "end_day": "2023-05-28"}}, {"model": "timetable.week", "pk": 126, "fields": {"start_day": "2023-05-29", "end_day": "2023-06-04"}}, {"model": "timetable.week", "pk": 127, "fields": {"start_day": "2023-06-05", "end_day": "2023-06-11"}}, {"model": "timetable.week", "pk": 128, "fields": {"start_day": "2023-06-12", "end_day": "2023-06-18"}}, {"model": "timetable.week", "pk": 129, "fields": {"start_day": "2023-06-19", "end_day": "2023-06-25"}}, {"model": "timetable.week", "pk": 130, "fields": {"start_day": "2023-06-26", "end_day": "2023-07-02"}}, {"model": "timetable.week", "pk": 131, "fields": {"start_day": "2023-07-03", "end_day": "2023-07-09"}}, {"model": "timetable.week", "pk": 132, "fields": {"start_day": "2023-07-10", "end_day": "2023-07-16"}}, {"model": "timetable.week", "pk": 133, "fields": {"start_day": "2023-07-17", "end_day": "2023-07-23"}}, {"model": "timetable.week", "pk": 134, "fields": {"start_day": "2023-07-24", "end_day": "2023-07-30"}}, {"model": "timetable.week", "pk": 135, "fields": {"start_day": "2023-07-31", "end_day": "2023-08-06"}}, {"model": "timetable.week", "pk": 136, "fields": {"start_day": "2023-08-07", "end_day": "2023-08-13"}}, {"model": "timetable.week", "pk": 137, "fields": {"start_day": "2023-08-14", "end_day": "2023-08-20"}}, {"model": "timetable.week", "pk": 138, "fields": {"start_day": "2023-08-21", "end_day": "2023-08-27"}}, {"model": "timetable.week", "pk": 139, "fields": {"start_day": "2023-08-28", "end_day": "2023-09-03"}}, {"model": "timetable.week", "pk": 140, "fields": {"start_day": "2023-09-04", "end_day": "2023-09-10"}}, {"model": "timetable.week", "pk": 141, "fields": {"start_day": "2023-09-11", "end_day": "2023-09-17"}}, {"model": "timetable.week", "pk": 142, "fields": {"start_day": "2023-09-18", "end_day": "2023-09-24"}}, {"model": "timetable.week", "pk": 143, "fields": {"start_day": "2023-09-25", "end_day": "2023-10-01"}}, {"model": "timetable.week", "pk": 144, "fields": {"start_day": "2023-10-02", "end_day": "2023-10-08"}}, {"model": "timetable.week", "pk": 145, "fields": {"start_day": "2023-10-09", "end_day": "2023-10-15"}}, {"model": "timetable.week", "pk": 146, "fields": {"start_day": "2023-10-16", "end_day": "2023-10-22"}}, {"model": "timetable.week", "pk": 147, "fields": {"start_day": "2023-10-23", "end_day": "2023-10-29"}}, {"model": "timetable.week", "pk": 148, "fields": {"start_day": "2023-10-30", "end_day": "2023-11-05"}}, {"model": "timetable.week", "pk": 149, "fields": {"start_day": "2023-11-06", "end_day": "2023-11-12"}}, {"model": "timetable.week", "pk": 150, "fields": {"start_day": "2023-11-13", "end_day": "2023-11-19"}}, {"model": "timetable.week", "pk": 151, "fields": {"start_day": "2023-11-20", "end_day": "2023-11-26"}}, {"model": "timetable.week", "pk": 152, "fields": {"start_day": "2023-11-27", "end_day": "2023-12-03"}}, {"model": "timetable.week", "pk": 153, "fields": {"start_day": "2023-12-04", "end_day": "2023-12-10"}}, {"model": "timetable.week", "pk": 154, "fields": {"start_day": "2023-12-11", "end_day": "2023-12-17"}}, {"model": "timetable.week", "pk": 155, "fields": {"start_day": "2023-12-18", "end_day": "2023-12-24"}}, {"model": "timetable.week", "pk": 156, "fields": {"start_day": "2023-12-25", "end_day": "2023-12-31"}}]