[{"model": "admin.logentry", "pk": 1, "fields": {"action_time": "2023-06-16T17:58:15.462Z", "user": 1, "content_type": 14, "object_id": "52", "object_repr": "Week 2023-12-26 - 2024-01-01", "action_flag": 3, "change_message": ""}}, {"model": "admin.logentry", "pk": 2, "fields": {"action_time": "2023-06-16T17:58:15.595Z", "user": 1, "content_type": 14, "object_id": "51", "object_repr": "Week 2023-12-19 - 2023-12-25", "action_flag": 3, "change_message": ""}}, {"model": "admin.logentry", "pk": 3, "fields": {"action_time": "2023-06-16T17:58:15.628Z", "user": 1, "content_type": 14, "object_id": "50", "object_repr": "Week 2023-12-12 - 2023-12-18", "action_flag": 3, "change_message": ""}}, {"model": "admin.logentry", "pk": 4, "fields": {"action_time": "2023-06-16T17:58:15.680Z", "user": 1, "content_type": 14, "object_id": "49", "object_repr": "Week 2023-12-05 - 2023-12-11", "action_flag": 3, "change_message": ""}}, {"model": "admin.logentry", "pk": 5, "fields": {"action_time": "2023-06-16T17:58:15.733Z", "user": 1, "content_type": 14, "object_id": "48", "object_repr": "Week 2023-11-28 - 2023-12-04", "action_flag": 3, "change_message": ""}}, {"model": "admin.logentry", "pk": 6, "fields": {"action_time": "2023-06-16T17:58:15.775Z", "user": 1, "content_type": 14, "object_id": "47", "object_repr": "Week 2023-11-21 - 2023-11-27", "action_flag": 3, "change_message": ""}}, {"model": "admin.logentry", "pk": 7, "fields": {"action_time": "2023-06-16T17:58:15.812Z", "user": 1, "content_type": 14, "object_id": "46", "object_repr": "Week 2023-11-14 - 2023-11-20", "action_flag": 3, "change_message": ""}}, {"model": "admin.logentry", "pk": 8, "fields": {"action_time": "2023-06-16T17:58:15.829Z", "user": 1, "content_type": 14, "object_id": "45", "object_repr": "Week 2023-11-07 - 2023-11-13", "action_flag": 3, "change_message": ""}}, {"model": "admin.logentry", "pk": 9, "fields": {"action_time": "2023-06-16T17:58:15.836Z", "user": 1, "content_type": 14, "object_id": "44", "object_repr": "Week 2023-10-31 - 2023-11-06", "action_flag": 3, "change_message": ""}}, {"model": "admin.logentry", "pk": 10, "fields": {"action_time": "2023-06-16T17:58:15.844Z", "user": 1, "content_type": 14, "object_id": "43", "object_repr": "Week 2023-10-24 - 2023-10-30", "action_flag": 3, "change_message": ""}}, {"model": "admin.logentry", "pk": 11, "fields": {"action_time": "2023-06-16T17:58:15.853Z", "user": 1, "content_type": 14, "object_id": "42", "object_repr": "Week 2023-10-17 - 2023-10-23", "action_flag": 3, "change_message": ""}}, {"model": "admin.logentry", "pk": 12, "fields": {"action_time": "2023-06-16T17:58:15.861Z", "user": 1, "content_type": 14, "object_id": "41", "object_repr": "Week 2023-10-10 - 2023-10-16", "action_flag": 3, "change_message": ""}}, {"model": "admin.logentry", "pk": 13, "fields": {"action_time": "2023-06-16T17:58:15.870Z", "user": 1, "content_type": 14, "object_id": "40", "object_repr": "Week 2023-10-03 - 2023-10-09", "action_flag": 3, "change_message": ""}}, {"model": "admin.logentry", "pk": 14, "fields": {"action_time": "2023-06-16T17:58:15.878Z", "user": 1, "content_type": 14, "object_id": "39", "object_repr": "Week 2023-09-26 - 2023-10-02", "action_flag": 3, "change_message": ""}}, {"model": "admin.logentry", "pk": 15, "fields": {"action_time": "2023-06-16T17:58:15.886Z", "user": 1, "content_type": 14, "object_id": "38", "object_repr": "Week 2023-09-19 - 2023-09-25", "action_flag": 3, "change_message": ""}}, {"model": "admin.logentry", "pk": 16, "fields": {"action_time": "2023-06-16T17:58:15.895Z", "user": 1, "content_type": 14, "object_id": "37", "object_repr": "Week 2023-09-12 - 2023-09-18", "action_flag": 3, "change_message": ""}}, {"model": "admin.logentry", "pk": 17, "fields": {"action_time": "2023-06-16T17:58:15.903Z", "user": 1, "content_type": 14, "object_id": "36", "object_repr": "Week 2023-09-05 - 2023-09-11", "action_flag": 3, "change_message": ""}}, {"model": "admin.logentry", "pk": 18, "fields": {"action_time": "2023-06-16T17:58:15.911Z", "user": 1, "content_type": 14, "object_id": "35", "object_repr": "Week 2023-08-29 - 2023-09-04", "action_flag": 3, "change_message": ""}}, {"model": "admin.logentry", "pk": 19, "fields": {"action_time": "2023-06-16T17:58:15.920Z", "user": 1, "content_type": 14, "object_id": "34", "object_repr": "Week 2023-08-22 - 2023-08-28", "action_flag": 3, "change_message": ""}}, {"model": "admin.logentry", "pk": 20, "fields": {"action_time": "2023-06-16T17:58:15.928Z", "user": 1, "content_type": 14, "object_id": "33", "object_repr": "Week 2023-08-15 - 2023-08-21", "action_flag": 3, "change_message": ""}}, {"model": "admin.logentry", "pk": 21, "fields": {"action_time": "2023-06-16T17:58:15.978Z", "user": 1, "content_type": 14, "object_id": "32", "object_repr": "Week 2023-08-08 - 2023-08-14", "action_flag": 3, "change_message": ""}}, {"model": "admin.logentry", "pk": 22, "fields": {"action_time": "2023-06-16T17:58:16.038Z", "user": 1, "content_type": 14, "object_id": "31", "object_repr": "Week 2023-08-01 - 2023-08-07", "action_flag": 3, "change_message": ""}}, {"model": "admin.logentry", "pk": 23, "fields": {"action_time": "2023-06-16T17:58:16.060Z", "user": 1, "content_type": 14, "object_id": "30", "object_repr": "Week 2023-07-25 - 2023-07-31", "action_flag": 3, "change_message": ""}}, {"model": "admin.logentry", "pk": 24, "fields": {"action_time": "2023-06-16T17:58:16.070Z", "user": 1, "content_type": 14, "object_id": "29", "object_repr": "Week 2023-07-18 - 2023-07-24", "action_flag": 3, "change_message": ""}}, {"model": "admin.logentry", "pk": 25, "fields": {"action_time": "2023-06-16T17:58:16.083Z", "user": 1, "content_type": 14, "object_id": "28", "object_repr": "Week 2023-07-11 - 2023-07-17", "action_flag": 3, "change_message": ""}}, {"model": "admin.logentry", "pk": 26, "fields": {"action_time": "2023-06-16T17:58:16.095Z", "user": 1, "content_type": 14, "object_id": "27", "object_repr": "Week 2023-07-04 - 2023-07-10", "action_flag": 3, "change_message": ""}}, {"model": "admin.logentry", "pk": 27, "fields": {"action_time": "2023-06-16T17:58:16.103Z", "user": 1, "content_type": 14, "object_id": "26", "object_repr": "Week 2023-06-27 - 2023-07-03", "action_flag": 3, "change_message": ""}}, {"model": "admin.logentry", "pk": 28, "fields": {"action_time": "2023-06-16T17:58:16.111Z", "user": 1, "content_type": 14, "object_id": "25", "object_repr": "Week 2023-06-20 - 2023-06-26", "action_flag": 3, "change_message": ""}}, {"model": "admin.logentry", "pk": 29, "fields": {"action_time": "2023-06-16T17:58:16.120Z", "user": 1, "content_type": 14, "object_id": "24", "object_repr": "Week 2023-06-13 - 2023-06-19", "action_flag": 3, "change_message": ""}}, {"model": "admin.logentry", "pk": 30, "fields": {"action_time": "2023-06-16T17:58:16.128Z", "user": 1, "content_type": 14, "object_id": "23", "object_repr": "Week 2023-06-06 - 2023-06-12", "action_flag": 3, "change_message": ""}}, {"model": "admin.logentry", "pk": 31, "fields": {"action_time": "2023-06-16T17:58:16.136Z", "user": 1, "content_type": 14, "object_id": "22", "object_repr": "Week 2023-05-30 - 2023-06-05", "action_flag": 3, "change_message": ""}}, {"model": "admin.logentry", "pk": 32, "fields": {"action_time": "2023-06-16T17:58:16.145Z", "user": 1, "content_type": 14, "object_id": "21", "object_repr": "Week 2023-05-23 - 2023-05-29", "action_flag": 3, "change_message": ""}}, {"model": "admin.logentry", "pk": 33, "fields": {"action_time": "2023-06-16T17:58:16.153Z", "user": 1, "content_type": 14, "object_id": "20", "object_repr": "Week 2023-05-16 - 2023-05-22", "action_flag": 3, "change_message": ""}}, {"model": "admin.logentry", "pk": 34, "fields": {"action_time": "2023-06-16T17:58:16.161Z", "user": 1, "content_type": 14, "object_id": "19", "object_repr": "Week 2023-05-09 - 2023-05-15", "action_flag": 3, "change_message": ""}}, {"model": "admin.logentry", "pk": 35, "fields": {"action_time": "2023-06-16T17:58:16.169Z", "user": 1, "content_type": 14, "object_id": "18", "object_repr": "Week 2023-05-02 - 2023-05-08", "action_flag": 3, "change_message": ""}}, {"model": "admin.logentry", "pk": 36, "fields": {"action_time": "2023-06-16T17:58:16.178Z", "user": 1, "content_type": 14, "object_id": "17", "object_repr": "Week 2023-04-25 - 2023-05-01", "action_flag": 3, "change_message": ""}}, {"model": "admin.logentry", "pk": 37, "fields": {"action_time": "2023-06-16T17:58:16.186Z", "user": 1, "content_type": 14, "object_id": "16", "object_repr": "Week 2023-04-18 - 2023-04-24", "action_flag": 3, "change_message": ""}}, {"model": "admin.logentry", "pk": 38, "fields": {"action_time": "2023-06-16T17:58:16.194Z", "user": 1, "content_type": 14, "object_id": "15", "object_repr": "Week 2023-04-11 - 2023-04-17", "action_flag": 3, "change_message": ""}}, {"model": "admin.logentry", "pk": 39, "fields": {"action_time": "2023-06-16T17:58:16.203Z", "user": 1, "content_type": 14, "object_id": "14", "object_repr": "Week 2023-04-04 - 2023-04-10", "action_flag": 3, "change_message": ""}}, {"model": "admin.logentry", "pk": 40, "fields": {"action_time": "2023-06-16T17:58:16.211Z", "user": 1, "content_type": 14, "object_id": "13", "object_repr": "Week 2023-03-28 - 2023-04-03", "action_flag": 3, "change_message": ""}}, {"model": "admin.logentry", "pk": 41, "fields": {"action_time": "2023-06-16T17:58:16.220Z", "user": 1, "content_type": 14, "object_id": "12", "object_repr": "Week 2023-03-21 - 2023-03-27", "action_flag": 3, "change_message": ""}}, {"model": "admin.logentry", "pk": 42, "fields": {"action_time": "2023-06-16T17:58:16.228Z", "user": 1, "content_type": 14, "object_id": "11", "object_repr": "Week 2023-03-14 - 2023-03-20", "action_flag": 3, "change_message": ""}}, {"model": "admin.logentry", "pk": 43, "fields": {"action_time": "2023-06-16T17:58:16.236Z", "user": 1, "content_type": 14, "object_id": "10", "object_repr": "Week 2023-03-07 - 2023-03-13", "action_flag": 3, "change_message": ""}}, {"model": "admin.logentry", "pk": 44, "fields": {"action_time": "2023-06-16T17:58:16.244Z", "user": 1, "content_type": 14, "object_id": "9", "object_repr": "Week 2023-02-28 - 2023-03-06", "action_flag": 3, "change_message": ""}}, {"model": "admin.logentry", "pk": 45, "fields": {"action_time": "2023-06-16T17:58:16.253Z", "user": 1, "content_type": 14, "object_id": "8", "object_repr": "Week 2023-02-21 - 2023-02-27", "action_flag": 3, "change_message": ""}}, {"model": "admin.logentry", "pk": 46, "fields": {"action_time": "2023-06-16T17:58:16.261Z", "user": 1, "content_type": 14, "object_id": "7", "object_repr": "Week 2023-02-14 - 2023-02-20", "action_flag": 3, "change_message": ""}}, {"model": "admin.logentry", "pk": 47, "fields": {"action_time": "2023-06-16T17:58:16.269Z", "user": 1, "content_type": 14, "object_id": "6", "object_repr": "Week 2023-02-07 - 2023-02-13", "action_flag": 3, "change_message": ""}}, {"model": "admin.logentry", "pk": 48, "fields": {"action_time": "2023-06-16T17:58:16.278Z", "user": 1, "content_type": 14, "object_id": "5", "object_repr": "Week 2023-01-31 - 2023-02-06", "action_flag": 3, "change_message": ""}}, {"model": "admin.logentry", "pk": 49, "fields": {"action_time": "2023-06-16T17:58:16.286Z", "user": 1, "content_type": 14, "object_id": "4", "object_repr": "Week 2023-01-24 - 2023-01-30", "action_flag": 3, "change_message": ""}}, {"model": "admin.logentry", "pk": 50, "fields": {"action_time": "2023-06-16T17:58:16.294Z", "user": 1, "content_type": 14, "object_id": "3", "object_repr": "Week 2023-01-17 - 2023-01-23", "action_flag": 3, "change_message": ""}}, {"model": "admin.logentry", "pk": 51, "fields": {"action_time": "2023-06-16T17:58:16.303Z", "user": 1, "content_type": 14, "object_id": "2", "object_repr": "Week 2023-01-10 - 2023-01-16", "action_flag": 3, "change_message": ""}}, {"model": "admin.logentry", "pk": 52, "fields": {"action_time": "2023-06-16T17:58:16.311Z", "user": 1, "content_type": 14, "object_id": "1", "object_repr": "Week 2023-01-03 - 2023-01-09", "action_flag": 3, "change_message": ""}}, {"model": "admin.logentry", "pk": 53, "fields": {"action_time": "2023-06-19T08:53:08.791Z", "user": 1, "content_type": 7, "object_id": "8", "object_repr": "admin", "action_flag": 2, "change_message": "[{\"changed\": {\"fields\": [\"Superuser status\"]}}]"}}, {"model": "admin.logentry", "pk": 54, "fields": {"action_time": "2023-06-20T17:16:17.397Z", "user": 1, "content_type": 10, "object_id": "3", "object_repr": "Институт психологии и педагогики", "action_flag": 1, "change_message": "[{\"added\": {}}]"}}, {"model": "admin.logentry", "pk": 55, "fields": {"action_time": "2023-06-20T17:16:44.290Z", "user": 1, "content_type": 10, "object_id": "4", "object_repr": "Факультет физической культуры", "action_flag": 1, "change_message": "[{\"added\": {}}]"}}, {"model": "admin.logentry", "pk": 56, "fields": {"action_time": "2023-06-20T17:17:05.200Z", "user": 1, "content_type": 10, "object_id": "5", "object_repr": "Университетский колледж", "action_flag": 1, "change_message": "[{\"added\": {}}]"}}, {"model": "admin.logentry", "pk": 57, "fields": {"action_time": "2023-06-20T17:18:14.000Z", "user": 1, "content_type": 10, "object_id": "6", "object_repr": "Управление по воспитательной работе и проектной деятельности", "action_flag": 1, "change_message": "[{\"added\": {}}]"}}, {"model": "admin.logentry", "pk": 58, "fields": {"action_time": "2023-06-20T17:19:45.069Z", "user": 1, "content_type": 10, "object_id": "7", "object_repr": "Управление дополн. образования и меж.нар. деятельности", "action_flag": 1, "change_message": "[{\"added\": {}}]"}}, {"model": "admin.logentry", "pk": 59, "fields": {"action_time": "2023-06-20T17:20:13.664Z", "user": 1, "content_type": 10, "object_id": "8", "object_repr": "Первичная профсоюзная организация студентов ШГПУ", "action_flag": 1, "change_message": "[{\"added\": {}}]"}}, {"model": "admin.logentry", "pk": 60, "fields": {"action_time": "2023-06-20T17:21:36.159Z", "user": 1, "content_type": 10, "object_id": "9", "object_repr": "Институт информационных технологий, точных и естеств. наук", "action_flag": 1, "change_message": "[{\"added\": {}}]"}}, {"model": "admin.logentry", "pk": 61, "fields": {"action_time": "2023-06-20T17:22:07.183Z", "user": 1, "content_type": 10, "object_id": "10", "object_repr": "Центр содействия трудоустройству выпускников", "action_flag": 1, "change_message": "[{\"added\": {}}]"}}, {"model": "admin.logentry", "pk": 62, "fields": {"action_time": "2023-06-20T17:25:49.229Z", "user": 1, "content_type": 10, "object_id": "11", "object_repr": "Центр по работе с одаренными детьми и молодежью", "action_flag": 1, "change_message": "[{\"added\": {}}]"}}, {"model": "admin.logentry", "pk": 63, "fields": {"action_time": "2023-06-20T17:29:15.605Z", "user": 1, "content_type": 10, "object_id": "12", "object_repr": "Центр искусств, ремесел и дизайна", "action_flag": 1, "change_message": "[{\"added\": {}}]"}}, {"model": "admin.logentry", "pk": 64, "fields": {"action_time": "2023-06-20T17:29:29.015Z", "user": 1, "content_type": 10, "object_id": "13", "object_repr": "Библиотека", "action_flag": 1, "change_message": "[{\"added\": {}}]"}}, {"model": "admin.logentry", "pk": 65, "fields": {"action_time": "2023-06-20T18:09:31.368Z", "user": 1, "content_type": 7, "object_id": "4", "object_repr": "test3", "action_flag": 2, "change_message": "[{\"changed\": {\"fields\": [\"password\"]}}]"}}, {"model": "admin.logentry", "pk": 66, "fields": {"action_time": "2023-06-20T18:11:23.220Z", "user": 1, "content_type": 7, "object_id": "4", "object_repr": "test3", "action_flag": 2, "change_message": "[{\"changed\": {\"fields\": [\"Is verificated\", \"\\u0414\\u043e\\u043f\\u043e\\u043b\\u043d\\u0438\\u0442\\u0435\\u043b\\u044c\\u043d\\u0430\\u044f \\u0438\\u043d\\u0444\\u043e\\u0440\\u043c\\u0430\\u0446\\u0438\\u044f\", \"Last login\"]}}]"}}, {"model": "admin.logentry", "pk": 67, "fields": {"action_time": "2023-09-13T09:37:55.168Z", "user": 1, "content_type": 7, "object_id": "8", "object_repr": "admin", "action_flag": 2, "change_message": "[{\"changed\": {\"fields\": [\"\\u0414\\u043e\\u043f\\u043e\\u043b\\u043d\\u0438\\u0442\\u0435\\u043b\\u044c\\u043d\\u0430\\u044f \\u0438\\u043d\\u0444\\u043e\\u0440\\u043c\\u0430\\u0446\\u0438\\u044f\", \"Staff status\"]}}]"}}, {"model": "admin.logentry", "pk": 68, "fields": {"action_time": "2023-09-18T04:13:17.793Z", "user": 1, "content_type": 8, "object_id": "5", "object_repr": "Педагогический кванториум", "action_flag": 1, "change_message": "[{\"added\": {}}]"}}, {"model": "admin.logentry", "pk": 69, "fields": {"action_time": "2023-09-18T04:14:09.838Z", "user": 1, "content_type": 8, "object_id": "6", "object_repr": "Демоэкзамен", "action_flag": 1, "change_message": "[{\"added\": {}}]"}}, {"model": "admin.logentry", "pk": 70, "fields": {"action_time": "2023-09-18T04:14:36.111Z", "user": 1, "content_type": 8, "object_id": "7", "object_repr": "Телестудия", "action_flag": 1, "change_message": "[{\"added\": {}}]"}}, {"model": "admin.logentry", "pk": 71, "fields": {"action_time": "2023-09-18T04:16:08.535Z", "user": 1, "content_type": 10, "object_id": "14", "object_repr": "Педагогический кванториум", "action_flag": 1, "change_message": "[{\"added\": {}}]"}}, {"model": "admin.logentry", "pk": 72, "fields": {"action_time": "2023-09-18T04:16:51.480Z", "user": 1, "content_type": 11, "object_id": "7", "object_repr": "134A", "action_flag": 1, "change_message": "[{\"added\": {}}]"}}, {"model": "admin.logentry", "pk": 73, "fields": {"action_time": "2023-09-18T04:18:00.096Z", "user": 1, "content_type": 11, "object_id": "8", "object_repr": "111A-112A", "action_flag": 1, "change_message": "[{\"added\": {}}]"}}, {"model": "admin.logentry", "pk": 74, "fields": {"action_time": "2023-09-18T04:18:51.089Z", "user": 1, "content_type": 11, "object_id": "9", "object_repr": "201В", "action_flag": 1, "change_message": "[{\"added\": {}}]"}}, {"model": "admin.logentry", "pk": 75, "fields": {"action_time": "2023-09-18T04:19:26.819Z", "user": 1, "content_type": 11, "object_id": "10", "object_repr": "218В", "action_flag": 1, "change_message": "[{\"added\": {}}]"}}, {"model": "admin.logentry", "pk": 76, "fields": {"action_time": "2023-09-18T04:19:59.194Z", "user": 1, "content_type": 11, "object_id": "2", "object_repr": "128A", "action_flag": 2, "change_message": "[{\"changed\": {\"fields\": [\"Type\"]}}]"}}, {"model": "admin.logentry", "pk": 77, "fields": {"action_time": "2023-09-18T04:20:07.508Z", "user": 1, "content_type": 11, "object_id": "1", "object_repr": "129A", "action_flag": 2, "change_message": "[{\"changed\": {\"fields\": [\"Type\"]}}]"}}, {"model": "auth.permission", "pk": 1, "fields": {"name": "Can add log entry", "content_type": 1, "codename": "add_logentry"}}, {"model": "auth.permission", "pk": 2, "fields": {"name": "Can change log entry", "content_type": 1, "codename": "change_logentry"}}, {"model": "auth.permission", "pk": 3, "fields": {"name": "Can delete log entry", "content_type": 1, "codename": "delete_logentry"}}, {"model": "auth.permission", "pk": 4, "fields": {"name": "Can view log entry", "content_type": 1, "codename": "view_logentry"}}, {"model": "auth.permission", "pk": 5, "fields": {"name": "Can add permission", "content_type": 2, "codename": "add_permission"}}, {"model": "auth.permission", "pk": 6, "fields": {"name": "Can change permission", "content_type": 2, "codename": "change_permission"}}, {"model": "auth.permission", "pk": 7, "fields": {"name": "Can delete permission", "content_type": 2, "codename": "delete_permission"}}, {"model": "auth.permission", "pk": 8, "fields": {"name": "Can view permission", "content_type": 2, "codename": "view_permission"}}, {"model": "auth.permission", "pk": 9, "fields": {"name": "Can add group", "content_type": 3, "codename": "add_group"}}, {"model": "auth.permission", "pk": 10, "fields": {"name": "Can change group", "content_type": 3, "codename": "change_group"}}, {"model": "auth.permission", "pk": 11, "fields": {"name": "Can delete group", "content_type": 3, "codename": "delete_group"}}, {"model": "auth.permission", "pk": 12, "fields": {"name": "Can view group", "content_type": 3, "codename": "view_group"}}, {"model": "auth.permission", "pk": 13, "fields": {"name": "Can add content type", "content_type": 4, "codename": "add_contenttype"}}, {"model": "auth.permission", "pk": 14, "fields": {"name": "Can change content type", "content_type": 4, "codename": "change_contenttype"}}, {"model": "auth.permission", "pk": 15, "fields": {"name": "Can delete content type", "content_type": 4, "codename": "delete_contenttype"}}, {"model": "auth.permission", "pk": 16, "fields": {"name": "Can view content type", "content_type": 4, "codename": "view_contenttype"}}, {"model": "auth.permission", "pk": 17, "fields": {"name": "Can add session", "content_type": 5, "codename": "add_session"}}, {"model": "auth.permission", "pk": 18, "fields": {"name": "Can change session", "content_type": 5, "codename": "change_session"}}, {"model": "auth.permission", "pk": 19, "fields": {"name": "Can delete session", "content_type": 5, "codename": "delete_session"}}, {"model": "auth.permission", "pk": 20, "fields": {"name": "Can view session", "content_type": 5, "codename": "view_session"}}, {"model": "auth.permission", "pk": 21, "fields": {"name": "Can add captcha store", "content_type": 6, "codename": "add_captchastore"}}, {"model": "auth.permission", "pk": 22, "fields": {"name": "Can change captcha store", "content_type": 6, "codename": "change_captchastore"}}, {"model": "auth.permission", "pk": 23, "fields": {"name": "Can delete captcha store", "content_type": 6, "codename": "delete_captchastore"}}, {"model": "auth.permission", "pk": 24, "fields": {"name": "Can view captcha store", "content_type": 6, "codename": "view_captchastore"}}, {"model": "auth.permission", "pk": 25, "fields": {"name": "Can add user", "content_type": 7, "codename": "add_user"}}, {"model": "auth.permission", "pk": 26, "fields": {"name": "Can change user", "content_type": 7, "codename": "change_user"}}, {"model": "auth.permission", "pk": 27, "fields": {"name": "Can delete user", "content_type": 7, "codename": "delete_user"}}, {"model": "auth.permission", "pk": 28, "fields": {"name": "Can view user", "content_type": 7, "codename": "view_user"}}, {"model": "auth.permission", "pk": 29, "fields": {"name": "Can add auditorium_ type", "content_type": 8, "codename": "add_auditorium_type"}}, {"model": "auth.permission", "pk": 30, "fields": {"name": "Can change auditorium_ type", "content_type": 8, "codename": "change_auditorium_type"}}, {"model": "auth.permission", "pk": 31, "fields": {"name": "Can delete auditorium_ type", "content_type": 8, "codename": "delete_auditorium_type"}}, {"model": "auth.permission", "pk": 32, "fields": {"name": "Can view auditorium_ type", "content_type": 8, "codename": "view_auditorium_type"}}, {"model": "auth.permission", "pk": 33, "fields": {"name": "Can add university_ building", "content_type": 9, "codename": "add_university_building"}}, {"model": "auth.permission", "pk": 34, "fields": {"name": "Can change university_ building", "content_type": 9, "codename": "change_university_building"}}, {"model": "auth.permission", "pk": 35, "fields": {"name": "Can delete university_ building", "content_type": 9, "codename": "delete_university_building"}}, {"model": "auth.permission", "pk": 36, "fields": {"name": "Can view university_ building", "content_type": 9, "codename": "view_university_building"}}, {"model": "auth.permission", "pk": 37, "fields": {"name": "Can add university_ unit", "content_type": 10, "codename": "add_university_unit"}}, {"model": "auth.permission", "pk": 38, "fields": {"name": "Can change university_ unit", "content_type": 10, "codename": "change_university_unit"}}, {"model": "auth.permission", "pk": 39, "fields": {"name": "Can delete university_ unit", "content_type": 10, "codename": "delete_university_unit"}}, {"model": "auth.permission", "pk": 40, "fields": {"name": "Can view university_ unit", "content_type": 10, "codename": "view_university_unit"}}, {"model": "auth.permission", "pk": 41, "fields": {"name": "Can add auditorium", "content_type": 11, "codename": "add_auditorium"}}, {"model": "auth.permission", "pk": 42, "fields": {"name": "Can change auditorium", "content_type": 11, "codename": "change_auditorium"}}, {"model": "auth.permission", "pk": 43, "fields": {"name": "Can delete auditorium", "content_type": 11, "codename": "delete_auditorium"}}, {"model": "auth.permission", "pk": 44, "fields": {"name": "Can view auditorium", "content_type": 11, "codename": "view_auditorium"}}, {"model": "auth.permission", "pk": 45, "fields": {"name": "Can add timetable item", "content_type": 12, "codename": "add_timetableitem"}}, {"model": "auth.permission", "pk": 46, "fields": {"name": "Can change timetable item", "content_type": 12, "codename": "change_timetableitem"}}, {"model": "auth.permission", "pk": 47, "fields": {"name": "Can delete timetable item", "content_type": 12, "codename": "delete_timetableitem"}}, {"model": "auth.permission", "pk": 48, "fields": {"name": "Can view timetable item", "content_type": 12, "codename": "view_timetableitem"}}, {"model": "auth.permission", "pk": 49, "fields": {"name": "Can add type_ timetable item", "content_type": 13, "codename": "add_type_timetableitem"}}, {"model": "auth.permission", "pk": 50, "fields": {"name": "Can change type_ timetable item", "content_type": 13, "codename": "change_type_timetableitem"}}, {"model": "auth.permission", "pk": 51, "fields": {"name": "Can delete type_ timetable item", "content_type": 13, "codename": "delete_type_timetableitem"}}, {"model": "auth.permission", "pk": 52, "fields": {"name": "Can view type_ timetable item", "content_type": 13, "codename": "view_type_timetableitem"}}, {"model": "auth.permission", "pk": 53, "fields": {"name": "Can add week", "content_type": 14, "codename": "add_week"}}, {"model": "auth.permission", "pk": 54, "fields": {"name": "Can change week", "content_type": 14, "codename": "change_week"}}, {"model": "auth.permission", "pk": 55, "fields": {"name": "Can delete week", "content_type": 14, "codename": "delete_week"}}, {"model": "auth.permission", "pk": 56, "fields": {"name": "Can view week", "content_type": 14, "codename": "view_week"}}, {"model": "contenttypes.contenttype", "pk": 1, "fields": {"app_label": "admin", "model": "logentry"}}, {"model": "contenttypes.contenttype", "pk": 2, "fields": {"app_label": "auth", "model": "permission"}}, {"model": "contenttypes.contenttype", "pk": 3, "fields": {"app_label": "auth", "model": "group"}}, {"model": "contenttypes.contenttype", "pk": 4, "fields": {"app_label": "contenttypes", "model": "contenttype"}}, {"model": "contenttypes.contenttype", "pk": 5, "fields": {"app_label": "sessions", "model": "session"}}, {"model": "contenttypes.contenttype", "pk": 6, "fields": {"app_label": "captcha", "model": "captchastore"}}, {"model": "contenttypes.contenttype", "pk": 7, "fields": {"app_label": "users", "model": "user"}}, {"model": "contenttypes.contenttype", "pk": 8, "fields": {"app_label": "users", "model": "auditorium_type"}}, {"model": "contenttypes.contenttype", "pk": 9, "fields": {"app_label": "users", "model": "university_building"}}, {"model": "contenttypes.contenttype", "pk": 10, "fields": {"app_label": "users", "model": "university_unit"}}, {"model": "contenttypes.contenttype", "pk": 11, "fields": {"app_label": "users", "model": "auditorium"}}, {"model": "contenttypes.contenttype", "pk": 12, "fields": {"app_label": "timetable", "model": "timetableitem"}}, {"model": "contenttypes.contenttype", "pk": 13, "fields": {"app_label": "timetable", "model": "type_timetableitem"}}, {"model": "contenttypes.contenttype", "pk": 14, "fields": {"app_label": "timetable", "model": "week"}}, {"model": "sessions.session", "pk": "9vzws6yz0f8dmp9kwhwe0f385bq3gdjx", "fields": {"session_data": ".eJxVjEEOwiAQRe_C2hCgtIBL956BzDCDVA0kpV0Z765NutDtf-_9l4iwrSVunZc4kzgLL06_G0J6cN0B3aHemkytrsuMclfkQbu8NuLn5XD_Dgr08q0HRT6hHdHjqLOn4JTR6Eh7TmQBJ4OJPZqBrJrApGxBuYyGyYXACOL9AfvJOOw:1qgMFE:T17_FaUppHF6FBWPm6EmI6Rtl2ic6Kb3jHkTgtVX0c8", "expire_date": "2023-09-27T09:33:12.649Z"}}, {"model": "sessions.session", "pk": "jqhfibo6iqc9nyenu8yaltzl2nxxyzwm", "fields": {"session_data": ".eJxVjEEOwiAQRe_C2hCgtIBL956BzDCDVA0kpV0Z765NutDtf-_9l4iwrSVunZc4kzgLL06_G0J6cN0B3aHemkytrsuMclfkQbu8NuLn5XD_Dgr08q0HRT6hHdHjqLOn4JTR6Eh7TmQBJ4OJPZqBrJrApGxBuYyGyYXACOL9AfvJOOw:1qBApv:UbnaC00nLi96OGDddtlhecydfaBxlkJYi3mogIrdMxo", "expire_date": "2023-07-03T09:06:11.579Z"}}, {"model": "sessions.session", "pk": "pw3ny3g26eek0o0ub1eogw6f4ei6vqj6", "fields": {"session_data": ".eJxVjEEOwiAQRe_C2hCh4IBL9z0DmRlAqgaS0q6MdzckXej2v_f-WwTctxL2ntawRHEVSpx-N0J-pjpAfGC9N8mtbutCcijyoF3OLabX7XD_Dgr2Mmr2mCyxz0ZrjAwagMFnTWdvFbIGD9E6ipMzrJQzyTlDFiZFORm6iM8X-ss4Fw:1qBfnH:9kPWgpjZeMWOpNItOUuDJMOuK_NK29M443FGwOZEm88", "expire_date": "2023-07-04T18:09:31.469Z"}}, {"model": "sessions.session", "pk": "tocgul08096ej488tg3b6s03xy33jnhp", "fields": {"session_data": ".eJxVjEEOwiAQRe_C2hCh4IBL9z0DmRlAqgaS0q6MdzckXej2v_f-WwTctxL2ntawRHEVSpx-N0J-pjpAfGC9N8mtbutCcijyoF3OLabX7XD_Dgr2Mmr2mCyxz0ZrjAwagMFnTWdvFbIGD9E6ipMzrJQzyTlDFiZFORm6iM8X-ss4Fw:1qgKRt:DAnDl7Qf87D1DPCePvK54dnMcqUdvVuUabx7ADNULkc", "expire_date": "2023-09-27T07:38:09.192Z"}}, {"model": "sessions.session", "pk": "tvq0ovwlwpphzb8g142do09apk7vczqb", "fields": {"session_data": ".eJxVjEsOwjAMBe-SNYpIXdcyS_acoXJihxRQKvWzqrg7VOoCtm9m3uZ6WZfSr7NN_aDu4tidfrco6Wl1B_qQeh99GusyDdHvij_o7G-j2ut6uH8HRebyrbtGxchySywBz0qAmEgBSCMHwwQcuO3EmBAoM2ZE4CQQGzEFde8P5BM39Q:1qBoAe:V82_ajxJp0FE08RHD5JmelQCc3PkLV6PAI2AyzflNsk", "expire_date": "2023-07-05T03:06:12.230Z"}}, {"model": "sessions.session", "pk": "ujapgs8tauh6dv3olb5ldhjueizexl93", "fields": {"session_data": ".eJxVjEsOwjAMBe-SNYpSmjoOS_acIXJqmxZQIvWzQtydVuoCtm9m3tskWpchrbNMaWRzMd6cfrdM_VPKDvhB5V5tX8syjdnuij3obG-V5XU93L-DgeZhqztWLwjgHThR6TtpMaJTiNC4iBLOChoZkRqgwKH1EdUz5tzhppP5fAHcizgS:1qBfna:2DvyflndAYeL-ygbIg-CyvdDofEh0NCCpW2hA-70784", "expire_date": "2023-07-04T18:09:50.362Z"}}, {"model": "sessions.session", "pk": "vrz79zfes0xtt3i35l910uefnlpyoxeu", "fields": {"session_data": ".eJxVjEEOwiAQRe_C2hCh4IBL9z0DmRlAqgaS0q6MdzckXej2v_f-WwTctxL2ntawRHEVSpx-N0J-pjpAfGC9N8mtbutCcijyoF3OLabX7XD_Dgr2Mmr2mCyxz0ZrjAwagMFnTWdvFbIGD9E6ipMzrJQzyTlDFiZFORm6iM8X-ss4Fw:1qB7lk:42ERE-703fnE14TXLNj-IWa4rDOzQqv36dC42bXPc_o", "expire_date": "2023-07-03T05:49:40.049Z"}}, {"model": "sessions.session", "pk": "wsr96n5xeem8n5jzqekg2tr8mo5qag9s", "fields": {"session_data": ".eJxVjEEOwiAQRe_C2hCh4IBL9z0DmRlAqgaS0q6MdzckXej2v_f-WwTctxL2ntawRHEVSpx-N0J-pjpAfGC9N8mtbutCcijyoF3OLabX7XD_Dgr2Mmr2mCyxz0ZrjAwagMFnTWdvFbIGD9E6ipMzrJQzyTlDFiZFORm6iM8X-ss4Fw:1qBALC:PSfa-X9yzMMHV49n22FUHaxiM5iw7-uWAHhgmIjhNcc", "expire_date": "2023-07-03T08:34:26.996Z"}}, {"model": "captcha.captchastore", "pk": 4, "fields": {"challenge": "FCKH", "response": "fckh", "hashkey": "98e064a17df91027fedee03e96870c152374f539", "expiration": "2023-06-21T04:41:10.030Z"}}, {"model": "users.university_unit", "pk": 1, "fields": {"name": "Технопарк универсальных педагогических компетенций", "abbreviation": "Технопарк", "info": "Технопарк универсальных педагогических компетенций"}}, {"model": "users.university_unit", "pk": 2, "fields": {"name": "Гуманитарный Институт", "abbreviation": "ГумФак", "info": "Гуманитарный Институт"}}, {"model": "users.university_unit", "pk": 3, "fields": {"name": "Институт психологии и педагогики", "abbreviation": "иПиП", "info": "Институт психологии и педагогики"}}, {"model": "users.university_unit", "pk": 4, "fields": {"name": "Факультет физической культуры", "abbreviation": "ФизФак", "info": "Факультет физической культуры"}}, {"model": "users.university_unit", "pk": 5, "fields": {"name": "Университетский колледж", "abbreviation": "СПО", "info": "Университетский колледж"}}, {"model": "users.university_unit", "pk": 6, "fields": {"name": "Управление по воспитательной работе и проектной деятельности", "abbreviation": "УпВРиПД", "info": "Управление по воспитательной работе и проектной деятельности"}}, {"model": "users.university_unit", "pk": 7, "fields": {"name": "Управление дополн. образования и меж.нар. деятельности", "abbreviation": "УДОиМД", "info": "Управление дополнительного образования и международной деятельности"}}, {"model": "users.university_unit", "pk": 8, "fields": {"name": "Первичная профсоюзная организация студентов ШГПУ", "abbreviation": "ППОС", "info": "Первичная профсоюзная организация студентов ШГПУ"}}, {"model": "users.university_unit", "pk": 9, "fields": {"name": "Институт информационных технологий, точных и естеств. наук", "abbreviation": "ИТТиЕН", "info": "Институт информационных технологий, точных и естественных наук"}}, {"model": "users.university_unit", "pk": 10, "fields": {"name": "Центр содействия трудоустройству выпускников", "abbreviation": "ЦСТВ", "info": "Центр содействия трудоустройству выпускников"}}, {"model": "users.university_unit", "pk": 11, "fields": {"name": "Центр по работе с одаренными детьми и молодежью", "abbreviation": "МУ", "info": "Центр по работе с одаренными детьми и молодежью «Малый университет»"}}, {"model": "users.university_unit", "pk": 12, "fields": {"name": "Центр искусств, ремесел и дизайна", "abbreviation": "ЦИРиД", "info": "Центр искусств, ремесел и дизайна"}}, {"model": "users.university_unit", "pk": 13, "fields": {"name": "Библиотека", "abbreviation": "Библиотека", "info": "Библиотека"}}, {"model": "users.university_unit", "pk": 14, "fields": {"name": "Педагогический кванториум", "abbreviation": "ПедКвант", "info": "Педагогический кванториум"}}, {"model": "users.university_building", "pk": 1, "fields": {"name": "Главный", "address": "Курганская область, г. Шадринск, ул. Карла Либкнехта, д.3", "info": "Главный"}}, {"model": "users.auditorium_type", "pk": 1, "fields": {"name": "Лекционная", "info": "для проведения лекций"}}, {"model": "users.auditorium_type", "pk": 2, "fields": {"name": "Семинарская", "info": "Аудитория для проведения семенаров"}}, {"model": "users.auditorium_type", "pk": 3, "fields": {"name": "Смешанный тип", "info": "В аудитории могут проводится как лекционные, так и семинарские занятия."}}, {"model": "users.auditorium_type", "pk": 4, "fields": {"name": "Компьютерная аудитория", "info": "Для проведения лабораторный работ на ПК"}}, {"model": "users.auditorium_type", "pk": 5, "fields": {"name": "Педагогический кванториум", "info": "Педагогический кванториум"}}, {"model": "users.auditorium_type", "pk": 6, "fields": {"name": "Демоэкзамен", "info": "Демонстрационный экзамен"}}, {"model": "users.auditorium_type", "pk": 7, "fields": {"name": "Телестудия", "info": "Телестудия"}}, {"model": "users.auditorium", "pk": 1, "fields": {"name": "129A", "building": 1, "university_unit": 2, "type": 6, "area": 100, "capacity": 40, "info": "демо"}}, {"model": "users.auditorium", "pk": 2, "fields": {"name": "128A", "building": 1, "university_unit": 2, "type": 6, "area": 100, "capacity": 20, "info": "128A"}}, {"model": "users.auditorium", "pk": 3, "fields": {"name": "232A", "building": 1, "university_unit": 1, "type": 1, "area": 100, "capacity": 60, "info": "аудитория 232А"}}, {"model": "users.auditorium", "pk": 4, "fields": {"name": "233A", "building": 1, "university_unit": 1, "type": 3, "area": 200, "capacity": 100, "info": "аудитория для проведения разных занятий"}}, {"model": "users.auditorium", "pk": 5, "fields": {"name": "234A", "building": 1, "university_unit": 1, "type": 2, "area": 60, "capacity": 20, "info": "Аудитория для проведения лабораторных и семинарских занятий на оборудовании хим-био и физического кластера Технопарка УПК"}}, {"model": "users.auditorium", "pk": 6, "fields": {"name": "235A", "building": 1, "university_unit": 1, "type": 4, "area": 80, "capacity": 20, "info": "Аудитория для проведения лабораторных занятий на ПК"}}, {"model": "users.auditorium", "pk": 7, "fields": {"name": "134A", "building": 1, "university_unit": 14, "type": 7, "area": 20, "capacity": 5, "info": "Телестудия"}}, {"model": "users.auditorium", "pk": 8, "fields": {"name": "111A-112A", "building": 1, "university_unit": 14, "type": 3, "area": 20, "capacity": 5, "info": "Техническая зона со станками"}}, {"model": "users.auditorium", "pk": 9, "fields": {"name": "201В", "building": 1, "university_unit": 14, "type": 3, "area": 40, "capacity": 30, "info": "Робототехника"}}, {"model": "users.auditorium", "pk": 10, "fields": {"name": "218В", "building": 1, "university_unit": 14, "type": 2, "area": 30, "capacity": 20, "info": "Химия"}}, {"model": "users.user", "pk": 1, "fields": {"password": "pbkdf2_sha256$390000$XCrd6PHbjcV1S0Y8s1EdM8$KoXQc4pqH4orWjLvjXTfx+9cbej9qREtg4aQ/GfFMDA=", "last_login": "2023-09-13T07:38:09.151Z", "is_superuser": true, "username": "root", "first_name": "", "last_name": "", "email": "techno@shgpi.edu.ru", "is_staff": true, "is_active": true, "date_joined": "2023-03-11T11:52:36.036Z", "patronymic": "", "university_unit": null, "phone_number": null, "is_verificated": true, "info": "", "groups": [], "user_permissions": []}}, {"model": "users.user", "pk": 2, "fields": {"password": "pbkdf2_sha256$390000$0zU73fNpWRmwEBMT0Uy0pM$riI/m9BqphapK7/K/iEF/sAYEBKJ48cd4FgbfM6grlI=", "last_login": "2023-05-18T07:11:20.629Z", "is_superuser": false, "username": "test1", "first_name": "test1", "last_name": "test1", "email": "test1@test.ts", "is_staff": false, "is_active": true, "date_joined": "2023-04-24T18:23:03.629Z", "patronymic": "", "university_unit": 1, "phone_number": null, "is_verificated": true, "info": "", "groups": [], "user_permissions": []}}, {"model": "users.user", "pk": 3, "fields": {"password": "pbkdf2_sha256$390000$dCZ5XhxSE9AcOEyY0cRTJs$NIRQt6s0rCp87RWrcKttZV6Mly8GHMtLsMZD1SJDffA=", "last_login": "2023-05-11T10:23:28.333Z", "is_superuser": false, "username": "test2", "first_name": "Ivan", "last_name": "Ivoanov", "email": "i@i.ru", "is_staff": false, "is_active": true, "date_joined": "2023-05-11T10:23:28.005Z", "patronymic": "", "university_unit": 2, "phone_number": null, "is_verificated": true, "info": "", "groups": [], "user_permissions": []}}, {"model": "users.user", "pk": 4, "fields": {"password": "pbkdf2_sha256$390000$IqpfbywGrzBlbpwcmCHMpr$AJUg49F+vVgMvER5xNdD9BH10R8Hm7I51GgDi7QR2cU=", "last_login": "2023-06-21T03:07:47.253Z", "is_superuser": false, "username": "test3", "first_name": "test3", "last_name": "test3", "email": "test3@i.ru", "is_staff": false, "is_active": true, "date_joined": "2023-05-13T16:01:34Z", "patronymic": "", "university_unit": 2, "phone_number": "88002223535", "is_verificated": true, "info": "тестовый юзер", "groups": [], "user_permissions": []}}, {"model": "users.user", "pk": 5, "fields": {"password": "pbkdf2_sha256$390000$fmz1uSIp8HsRtNh0fp91o8$LpGf6jAhidc1DQS3JtLrPqophrPbc5/wEEzxye53NYw=", "last_login": "2023-05-16T06:43:21.346Z", "is_superuser": false, "username": "test5", "first_name": "test5", "last_name": "test5", "email": "test5@example.com", "is_staff": false, "is_active": true, "date_joined": "2023-05-16T06:43:21.039Z", "patronymic": "", "university_unit": 2, "phone_number": "88002223535", "is_verificated": false, "info": "", "groups": [], "user_permissions": []}}, {"model": "users.user", "pk": 6, "fields": {"password": "pbkdf2_sha256$390000$KCW0yqJ6n2WeUoxqfXWVjp$GlwEAUOwlsmYJWsncKWeu2/VPoa38lmQ1TfexOyN1e4=", "last_login": "2023-05-17T06:23:59.410Z", "is_superuser": false, "username": "test7", "first_name": "test5", "last_name": "test5", "email": "terst5@mail.ru", "is_staff": false, "is_active": true, "date_joined": "2023-05-17T06:23:59.078Z", "patronymic": "", "university_unit": 2, "phone_number": "88004442525", "is_verificated": true, "info": "", "groups": [], "user_permissions": []}}, {"model": "users.user", "pk": 7, "fields": {"password": "pbkdf2_sha256$390000$ZnOhvppHPe17CEyjT5xpE2$6PWfGvUkWLkun0vi1FkyIJVLFF6UlSd/OZKBfXjNMSA=", "last_login": "2023-05-23T04:03:21.496Z", "is_superuser": false, "username": "user1", "first_name": "Иван", "last_name": "Иванов", "email": "ivanov1ivan@mail.ru", "is_staff": false, "is_active": true, "date_joined": "2023-05-23T04:03:21.134Z", "patronymic": "Иванович", "university_unit": 1, "phone_number": "89226749278", "is_verificated": true, "info": "", "groups": [], "user_permissions": []}}, {"model": "users.user", "pk": 8, "fields": {"password": "pbkdf2_sha256$390000$xdc8F707cCU6tH7gaueTLB$mJehRJJqCOCjESOYhzHmxwRUHaFhYauUubSN+EGTSNY=", "last_login": "2023-09-13T09:33:12Z", "is_superuser": true, "username": "admin", "first_name": "Жанна", "last_name": "Шулиманова", "email": "janniphoto@vk.com", "is_staff": true, "is_active": true, "date_joined": "2023-06-19T08:52:30Z", "patronymic": "Юрьевна", "university_unit": 1, "phone_number": "+7 919 584-02-45", "is_verificated": true, "info": "Зав.лаб.", "groups": [], "user_permissions": []}}, {"model": "users.user", "pk": 9, "fields": {"password": "pbkdf2_sha256$390000$SSTkWFq7dGuUkmy5nJoBuU$v4HaJZPrtLtjyV7fps6SkfhXYAPgKRm+7PoW59v6ZCQ=", "last_login": "2023-06-21T03:06:12.221Z", "is_superuser": false, "username": "vadas25", "first_name": "Вадим", "last_name": "Аскаров", "email": "vadas25@yandex.ru", "is_staff": false, "is_active": true, "date_joined": "2023-06-20T17:13:28.560Z", "patronymic": "Наркисович", "university_unit": 1, "phone_number": "+7 922 674-91-76", "is_verificated": true, "info": "", "groups": [], "user_permissions": []}}, {"model": "timetable.type_timetableitem", "pk": 1, "fields": {"name": "Лекция", "info": "лекция для теста"}}, {"model": "timetable.type_timetableitem", "pk": 2, "fields": {"name": "Семинар", "info": "семинар"}}, {"model": "timetable.type_timetableitem", "pk": 3, "fields": {"name": "Мероприятие", "info": ""}}, {"model": "timetable.type_timetableitem", "pk": 4, "fields": {"name": "Экскурсия для школьников", "info": ""}}, {"model": "timetable.type_timetableitem", "pk": 5, "fields": {"name": "Научный совет", "info": ""}}, {"model": "timetable.type_timetableitem", "pk": 6, "fields": {"name": "Пред.защита", "info": ""}}, {"model": "timetable.type_timetableitem", "pk": 7, "fields": {"name": "защита дипломов", "info": ""}}, {"model": "timetable.timetableitem", "pk": 2, "fields": {"name": "test0001", "organazer": 1, "type": 1, "amount_people": 12, "start_time": "12:00:00", "end_time": "14:00:00", "date": "2023-05-07", "info": "", "status": "APPROVED", "who_approved": null, "datetime_approved": null, "auditorium": [1]}}, {"model": "timetable.timetableitem", "pk": 3, "fields": {"name": "test0001", "organazer": 1, "type": 1, "amount_people": 12, "start_time": "12:00:00", "end_time": "14:00:00", "date": "2023-05-07", "info": "test", "status": "APPROVED", "who_approved": 1, "datetime_approved": "2023-05-08T14:59:26.740Z", "auditorium": [1]}}, {"model": "timetable.timetableitem", "pk": 4, "fields": {"name": "test11", "organazer": 1, "type": 1, "amount_people": 12, "start_time": "10:00:00", "end_time": "13:00:00", "date": "2023-05-10", "info": "", "status": "APPROVED", "who_approved": 1, "datetime_approved": "2023-05-09T17:46:12.090Z", "auditorium": [1]}}, {"model": "timetable.timetableitem", "pk": 5, "fields": {"name": "t123", "organazer": 1, "type": 1, "amount_people": 12, "start_time": "08:00:00", "end_time": "10:00:00", "date": "2023-05-12", "info": "", "status": "APPROVED", "who_approved": 1, "datetime_approved": "2023-05-08T15:40:24.412Z", "auditorium": [1]}}, {"model": "timetable.timetableitem", "pk": 6, "fields": {"name": "qwe", "organazer": 1, "type": 1, "amount_people": 13, "start_time": "12:00:00", "end_time": "14:00:00", "date": "2023-05-11", "info": "", "status": "APPROVED", "who_approved": 1, "datetime_approved": "2023-05-09T12:52:15.183Z", "auditorium": [2]}}, {"model": "timetable.timetableitem", "pk": 7, "fields": {"name": "frwedfa", "organazer": 1, "type": 1, "amount_people": 12, "start_time": "12:00:00", "end_time": "13:00:00", "date": "2023-05-10", "info": "", "status": "APPROVED", "who_approved": 1, "datetime_approved": "2023-05-09T17:48:27.619Z", "auditorium": [1]}}, {"model": "timetable.timetableitem", "pk": 8, "fields": {"name": "csdaa", "organazer": 1, "type": 1, "amount_people": 32, "start_time": "08:00:00", "end_time": "10:00:00", "date": "2023-05-10", "info": "", "status": "APPROVED", "who_approved": 1, "datetime_approved": "2023-05-09T17:50:21.486Z", "auditorium": [1]}}, {"model": "timetable.timetableitem", "pk": 9, "fields": {"name": "csz", "organazer": 1, "type": 1, "amount_people": 12, "start_time": "12:00:00", "end_time": "13:00:00", "date": "2023-05-15", "info": "", "status": "APPROVED", "who_approved": 1, "datetime_approved": "2023-05-09T18:24:36.113Z", "auditorium": [1]}}, {"model": "timetable.timetableitem", "pk": 10, "fields": {"name": "frewhogiw", "organazer": 1, "type": 1, "amount_people": 10, "start_time": "12:00:00", "end_time": "15:00:00", "date": "2023-05-11", "info": "", "status": "APPROVED", "who_approved": 1, "datetime_approved": "2023-05-10T09:01:54.934Z", "auditorium": [2]}}, {"model": "timetable.timetableitem", "pk": 11, "fields": {"name": "test0101", "organazer": 2, "type": 1, "amount_people": 5, "start_time": "10:30:00", "end_time": "12:30:00", "date": "2023-05-11", "info": "", "status": "APPROVED", "who_approved": 1, "datetime_approved": "2023-05-10T09:51:53.878Z", "auditorium": [1]}}, {"model": "timetable.timetableitem", "pk": 12, "fields": {"name": "vscxz", "organazer": 2, "type": 1, "amount_people": 14, "start_time": "11:20:00", "end_time": "12:00:00", "date": "2023-05-12", "info": "", "status": "APPROVED", "who_approved": 1, "datetime_approved": "2023-05-11T05:04:33.631Z", "auditorium": [2]}}, {"model": "timetable.timetableitem", "pk": 13, "fields": {"name": "qwer12456", "organazer": 2, "type": 1, "amount_people": 10, "start_time": "12:00:00", "end_time": "13:00:00", "date": "2023-05-12", "info": "", "status": "APPROVED", "who_approved": 1, "datetime_approved": "2023-05-11T10:15:54.857Z", "auditorium": [2]}}, {"model": "timetable.timetableitem", "pk": 14, "fields": {"name": "qwe", "organazer": 2, "type": 1, "amount_people": 12, "start_time": "10:00:00", "end_time": "11:00:00", "date": "2023-05-14", "info": "xnjnxj", "status": "APPROVED", "who_approved": 1, "datetime_approved": "2023-05-13T11:12:31.599Z", "auditorium": [2]}}, {"model": "timetable.timetableitem", "pk": 15, "fields": {"name": "qqq", "organazer": 2, "type": 1, "amount_people": 12, "start_time": "10:11:00", "end_time": "11:30:00", "date": "2023-05-14", "info": "12 peoples", "status": "APPROVED", "who_approved": 1, "datetime_approved": "2023-05-13T16:45:17.316Z", "auditorium": [2]}}, {"model": "timetable.timetableitem", "pk": 16, "fields": {"name": "qqq1", "organazer": 2, "type": 1, "amount_people": 5, "start_time": "10:11:00", "end_time": "11:30:00", "date": "2023-05-14", "info": "eta", "status": "REJECTED", "who_approved": 1, "datetime_approved": "2023-05-13T16:53:37.965Z", "auditorium": [2]}}, {"model": "timetable.timetableitem", "pk": 17, "fields": {"name": "qqq4", "organazer": 2, "type": 1, "amount_people": 3, "start_time": "10:20:00", "end_time": "11:40:00", "date": "2023-05-15", "info": "3", "status": "REJECTED", "who_approved": null, "datetime_approved": null, "auditorium": [2]}}, {"model": "timetable.timetableitem", "pk": 18, "fields": {"name": "qq4", "organazer": 2, "type": 1, "amount_people": 12, "start_time": "10:11:00", "end_time": "11:30:00", "date": "2023-05-14", "info": "12", "status": "REJECTED", "who_approved": 1, "datetime_approved": "2023-05-14T11:01:13.837Z", "auditorium": [2]}}, {"model": "timetable.timetableitem", "pk": 19, "fields": {"name": "test_all1", "organazer": 1, "type": 1, "amount_people": 100, "start_time": "08:00:00", "end_time": "10:00:00", "date": "2023-05-19", "info": "test_all1 100", "status": "APPROVED", "who_approved": 1, "datetime_approved": "2023-05-17T06:30:42.597Z", "auditorium": [1, 2]}}, {"model": "timetable.timetableitem", "pk": 20, "fields": {"name": "tttt12", "organazer": 2, "type": 1, "amount_people": 12, "start_time": "10:30:00", "end_time": "10:20:00", "date": "2023-05-19", "info": "12", "status": "REJECTED", "who_approved": null, "datetime_approved": null, "auditorium": [1]}}, {"model": "timetable.timetableitem", "pk": 21, "fields": {"name": "qqq", "organazer": 2, "type": 1, "amount_people": 12, "start_time": "12:00:00", "end_time": "14:00:00", "date": "2023-05-17", "info": "12", "status": "REJECTED", "who_approved": null, "datetime_approved": null, "auditorium": [2]}}, {"model": "timetable.timetableitem", "pk": 23, "fields": {"name": "тест - пара Иванов И.И.", "organazer": 1, "type": 1, "amount_people": 12, "start_time": "10:00:00", "end_time": "12:00:00", "date": "2023-05-24", "info": "12", "status": "APPROVED", "who_approved": 1, "datetime_approved": "2023-05-22T06:07:16.817Z", "auditorium": [1]}}, {"model": "timetable.timetableitem", "pk": 24, "fields": {"name": "Научный совет", "organazer": 1, "type": 5, "amount_people": 25, "start_time": "14:00:00", "end_time": "16:30:00", "date": "2023-05-24", "info": "Научный совет 24 мая, требование к техническому сопровождению", "status": "APPROVED", "who_approved": 1, "datetime_approved": "2023-05-23T05:16:23.964Z", "auditorium": [4]}}, {"model": "timetable.timetableitem", "pk": 25, "fields": {"name": "Пред.защита 430Б", "organazer": 1, "type": 6, "amount_people": 16, "start_time": "08:00:00", "end_time": "14:00:00", "date": "2023-05-25", "info": "требование к техническому сопровождению", "status": "APPROVED", "who_approved": 1, "datetime_approved": "2023-05-23T05:18:23.378Z", "auditorium": [3]}}, {"model": "timetable.timetableitem", "pk": 26, "fields": {"name": "Изучение программного обеспечения анатомического 3D атласа", "organazer": 1, "type": 3, "amount_people": 10, "start_time": "10:00:00", "end_time": "11:00:00", "date": "2023-05-23", "info": "стол Пирогова", "status": "APPROVED", "who_approved": 1, "datetime_approved": "2023-05-23T05:21:03.613Z", "auditorium": [5]}}, {"model": "timetable.timetableitem", "pk": 27, "fields": {"name": "Разновидности нейронных сетей и их применение в реальной жиз", "organazer": 1, "type": 3, "amount_people": 10, "start_time": "10:40:00", "end_time": "12:00:00", "date": "2023-05-23", "info": "Разновидности нейронных сетей и их применение в реальной жизни — Садыкова Екатерина", "status": "APPROVED", "who_approved": 1, "datetime_approved": "2023-05-23T05:21:49Z", "auditorium": [4]}}, {"model": "timetable.timetableitem", "pk": 28, "fields": {"name": "Определение частоты и периода колебания грудной клетки", "organazer": 1, "type": 3, "amount_people": 10, "start_time": "11:30:00", "end_time": "12:30:00", "date": "2023-05-23", "info": "Определение частоты и периода колебания грудной клетки в спокойном состоянии и после физической нагрузки (9 класс) – Салазкина Анастасия", "status": "APPROVED", "who_approved": 1, "datetime_approved": "2023-05-23T05:23:40.911Z", "auditorium": [5]}}, {"model": "timetable.timetableitem", "pk": 29, "fields": {"name": "Пред.защита 431Б", "organazer": 1, "type": 6, "amount_people": 20, "start_time": "08:00:00", "end_time": "14:00:00", "date": "2023-05-23", "info": "пред.защита 431Б", "status": "APPROVED", "who_approved": 1, "datetime_approved": "2023-05-23T05:29:58.148Z", "auditorium": [3]}}, {"model": "timetable.timetableitem", "pk": 30, "fields": {"name": "Пирогов В.Ю. - Проектный практикум (п6) 231Б", "organazer": 1, "type": 2, "amount_people": 12, "start_time": "08:00:00", "end_time": "09:30:00", "date": "2023-05-27", "info": "Проектный практикум (п6) 231Б", "status": "APPROVED", "who_approved": 1, "datetime_approved": "2023-05-23T05:32:39.506Z", "auditorium": [6]}}, {"model": "timetable.timetableitem", "pk": 31, "fields": {"name": "Пирогов В.Ю. - Проектный практикум (п7) 231Б", "organazer": 1, "type": 2, "amount_people": 12, "start_time": "09:40:00", "end_time": "11:10:00", "date": "2023-05-27", "info": "Проектный практикум (п6) 231Б", "status": "APPROVED", "who_approved": 1, "datetime_approved": "2023-05-23T05:33:01Z", "auditorium": [6]}}, {"model": "timetable.timetableitem", "pk": 32, "fields": {"name": "Гордиевских Д.М. - Программирование (п6) 230Б", "organazer": 1, "type": 1, "amount_people": 12, "start_time": "11:20:00", "end_time": "12:50:00", "date": "2023-05-24", "info": "Гордиевских Д.М. - Программирование (п6) 230Б", "status": "APPROVED", "who_approved": 1, "datetime_approved": "2023-05-23T05:36:24.485Z", "auditorium": [4]}}, {"model": "timetable.timetableitem", "pk": 33, "fields": {"name": "программирования", "organazer": 7, "type": 1, "amount_people": 5, "start_time": "10:00:00", "end_time": "12:00:00", "date": "2023-05-25", "info": "5", "status": "APPROVED", "who_approved": null, "datetime_approved": null, "auditorium": [1]}}, {"model": "timetable.timetableitem", "pk": 34, "fields": {"name": "размещение оборудования студии видеозаписи", "organazer": 1, "type": 3, "amount_people": 5, "start_time": "09:00:00", "end_time": "10:00:00", "date": "2023-06-19", "info": "размещение оборудования студии видеозаписи", "status": "APPROVED", "who_approved": 1, "datetime_approved": "2023-06-16T18:00:28.163Z", "auditorium": [1]}}, {"model": "timetable.timetableitem", "pk": 35, "fields": {"name": "проверка оборудования студии видеозаписи", "organazer": 1, "type": 3, "amount_people": 5, "start_time": "10:10:00", "end_time": "16:00:00", "date": "2023-06-19", "info": "проверка оборудования студии видеозаписи", "status": "APPROVED", "who_approved": 1, "datetime_approved": "2023-06-16T18:01:46.334Z", "auditorium": [1]}}, {"model": "timetable.timetableitem", "pk": 36, "fields": {"name": "Гордиевских Д.М. Программирование, 3-11Б", "organazer": 1, "type": 1, "amount_people": 20, "start_time": "09:40:00", "end_time": "11:10:00", "date": "2023-06-19", "info": "Гордиевских Д.М. Программирование, 3-11Б", "status": "APPROVED", "who_approved": 1, "datetime_approved": "2023-06-19T09:48:54.436Z", "auditorium": [3]}}, {"model": "timetable.timetableitem", "pk": 37, "fields": {"name": "Скоробогатова Н.В. Инклюзивное образование, 3-25Б", "organazer": 1, "type": 2, "amount_people": 20, "start_time": "11:20:00", "end_time": "12:50:00", "date": "2023-06-20", "info": "Скоробогатова Н.В. Инклюзивное образование, 3-25Б", "status": "APPROVED", "who_approved": 1, "datetime_approved": "2023-06-19T09:49:32.348Z", "auditorium": [3]}}, {"model": "timetable.timetableitem", "pk": 38, "fields": {"name": "Гордиевских В.М. Арх ПК и ПУ, 3-11Б", "organazer": 1, "type": 1, "amount_people": 20, "start_time": "08:00:00", "end_time": "09:30:00", "date": "2023-06-19", "info": "Гордиевских В.М. Арх ПК и ПУ, 3-11Б", "status": "APPROVED", "who_approved": 1, "datetime_approved": "2023-06-19T09:50:19.866Z", "auditorium": [4]}}, {"model": "timetable.timetableitem", "pk": 39, "fields": {"name": "Гордиевских В.М. Арх ПК и ПУ, 3-11Б", "organazer": 1, "type": 2, "amount_people": 20, "start_time": "09:40:00", "end_time": "11:10:00", "date": "2023-06-19", "info": "Гордиевских В.М. Арх ПК и ПУ, 3-11Б", "status": "APPROVED", "who_approved": 1, "datetime_approved": "2023-06-19T09:50:40.417Z", "auditorium": [4]}}, {"model": "timetable.timetableitem", "pk": 40, "fields": {"name": "Пирогов В.Ю. Web-программ, 231Б", "organazer": 1, "type": 2, "amount_people": 16, "start_time": "11:20:00", "end_time": "12:50:00", "date": "2023-06-19", "info": "Пирогов В.Ю. Web-программ, 231Б", "status": "APPROVED", "who_approved": 1, "datetime_approved": "2023-06-19T09:51:36.790Z", "auditorium": [6]}}, {"model": "timetable.timetableitem", "pk": 41, "fields": {"name": "Пирогов В.Ю. Web-программ, 230Б", "organazer": 1, "type": 2, "amount_people": 16, "start_time": "13:20:00", "end_time": "14:50:00", "date": "2023-06-19", "info": "Пирогов В.Ю. Web-программ, 230Б", "status": "APPROVED", "who_approved": 1, "datetime_approved": "2023-06-19T09:52:02.438Z", "auditorium": [6]}}, {"model": "timetable.timetableitem", "pk": 42, "fields": {"name": "Пирогов В.Ю. Проект практикум, 131Б", "organazer": 1, "type": 2, "amount_people": 20, "start_time": "09:40:00", "end_time": "11:10:00", "date": "2023-06-20", "info": "Пирогов В.Ю. Проект практикум, 131Б", "status": "APPROVED", "who_approved": 1, "datetime_approved": "2023-06-19T09:52:36.570Z", "auditorium": [6]}}, {"model": "timetable.timetableitem", "pk": 43, "fields": {"name": "Пирогов В.Ю. ИС,230Б", "organazer": 1, "type": 2, "amount_people": 20, "start_time": "11:20:00", "end_time": "12:50:00", "date": "2023-06-20", "info": "Пирогов В.Ю. ИС,230Б", "status": "APPROVED", "who_approved": 1, "datetime_approved": "2023-06-19T09:53:07.530Z", "auditorium": [6]}}, {"model": "timetable.timetableitem", "pk": 44, "fields": {"name": "Пирогов В.Ю. ИС, 231Б", "organazer": 1, "type": 2, "amount_people": 20, "start_time": "13:20:00", "end_time": "14:50:00", "date": "2023-06-20", "info": "Пирогов В.Ю. ИС, 231Б", "status": "APPROVED", "who_approved": 1, "datetime_approved": "2023-06-19T09:54:12.007Z", "auditorium": [6]}}, {"model": "timetable.timetableitem", "pk": 45, "fields": {"name": "Пирогов В.Ю. Проект практикум,231Б", "organazer": 1, "type": 2, "amount_people": 20, "start_time": "15:00:00", "end_time": "16:30:00", "date": "2023-06-20", "info": "Пирогов В.Ю. Проект практикум,231Б", "status": "APPROVED", "who_approved": 1, "datetime_approved": "2023-06-19T09:54:34.141Z", "auditorium": [6]}}, {"model": "timetable.timetableitem", "pk": 46, "fields": {"name": "Пирогов В.Ю. Web-программ,3-31Б", "organazer": 1, "type": 2, "amount_people": 20, "start_time": "13:20:00", "end_time": "14:50:00", "date": "2023-06-21", "info": "Пирогов В.Ю. Web-программ,3-31Б", "status": "APPROVED", "who_approved": 1, "datetime_approved": "2023-06-19T09:55:41.197Z", "auditorium": [6]}}, {"model": "timetable.timetableitem", "pk": 47, "fields": {"name": "Пирогов В.Ю. Web-программ,3-31Б", "organazer": 1, "type": 1, "amount_people": 20, "start_time": "15:00:00", "end_time": "16:30:00", "date": "2023-06-21", "info": "Пирогов В.Ю. Web-программ,3-31Б", "status": "APPROVED", "who_approved": 1, "datetime_approved": "2023-06-19T09:56:05.885Z", "auditorium": [6]}}, {"model": "timetable.timetableitem", "pk": 48, "fields": {"name": "Пирогов В.Ю. Web-программ,3-31Б", "organazer": 1, "type": 2, "amount_people": 20, "start_time": "16:40:00", "end_time": "18:10:00", "date": "2023-06-21", "info": "Пирогов В.Ю. Web-программ,3-31Б", "status": "APPROVED", "who_approved": 1, "datetime_approved": "2023-06-19T09:56:27.555Z", "auditorium": [6]}}, {"model": "timetable.timetableitem", "pk": 49, "fields": {"name": "Пирогов В.Ю. Проект практикум,3-31Б", "organazer": 1, "type": 1, "amount_people": 20, "start_time": "13:20:00", "end_time": "14:50:00", "date": "2023-06-22", "info": "Пирогов В.Ю. Проект практикум,3-31Б", "status": "APPROVED", "who_approved": 1, "datetime_approved": "2023-06-19T09:56:52.550Z", "auditorium": [6]}}, {"model": "timetable.timetableitem", "pk": 50, "fields": {"name": "Пирогов В.Ю. Проект практикум,3-31Б", "organazer": 1, "type": 2, "amount_people": 20, "start_time": "15:00:00", "end_time": "16:30:00", "date": "2023-06-22", "info": "Пирогов В.Ю. Проект практикум,3-31Б", "status": "APPROVED", "who_approved": 1, "datetime_approved": "2023-06-19T09:57:13.810Z", "auditorium": [6]}}, {"model": "timetable.timetableitem", "pk": 51, "fields": {"name": "Пирогов В.Ю. Проект практикум,3-31Б", "organazer": 1, "type": 2, "amount_people": 20, "start_time": "16:40:00", "end_time": "18:10:00", "date": "2023-06-22", "info": "Пирогов В.Ю. Проект практикум,3-31Б", "status": "APPROVED", "who_approved": 1, "datetime_approved": "2023-06-19T09:57:28.943Z", "auditorium": [6]}}, {"model": "timetable.timetableitem", "pk": 52, "fields": {"name": "Пирогов В.Ю. ИС, 3-31Б", "organazer": 1, "type": 2, "amount_people": 20, "start_time": "13:20:00", "end_time": "14:50:00", "date": "2023-06-23", "info": "Пирогов В.Ю. ИС, 3-31Б", "status": "APPROVED", "who_approved": 1, "datetime_approved": "2023-06-19T09:58:06.630Z", "auditorium": [6]}}, {"model": "timetable.timetableitem", "pk": 53, "fields": {"name": "Пирогов В.Ю. ОССО, 3-11Б", "organazer": 1, "type": 1, "amount_people": 20, "start_time": "11:20:00", "end_time": "12:50:00", "date": "2023-06-23", "info": "Пирогов В.Ю. ОССО, 3-11Б", "status": "APPROVED", "who_approved": 1, "datetime_approved": "2023-06-19T09:59:08.260Z", "auditorium": [6]}}, {"model": "timetable.timetableitem", "pk": 54, "fields": {"name": "Пирогов В.Ю. ОССО, 3-11Б", "organazer": 1, "type": 2, "amount_people": 20, "start_time": "09:40:00", "end_time": "11:10:00", "date": "2023-06-24", "info": "Пирогов В.Ю. ОССО, 3-11Б", "status": "APPROVED", "who_approved": 1, "datetime_approved": "2023-06-19T09:59:36.589Z", "auditorium": [6]}}, {"model": "timetable.timetableitem", "pk": 55, "fields": {"name": "Защита ВКР 430Б", "organazer": 1, "type": 7, "amount_people": 20, "start_time": "09:00:00", "end_time": "14:00:00", "date": "2023-06-21", "info": "Защита ВКР 430Б", "status": "APPROVED", "who_approved": 1, "datetime_approved": "2023-06-19T10:05:53.034Z", "auditorium": [3]}}, {"model": "timetable.timetableitem", "pk": 56, "fields": {"name": "Защита ВКР 230М", "organazer": 1, "type": 7, "amount_people": 10, "start_time": "09:00:00", "end_time": "14:00:00", "date": "2023-06-21", "info": "Защита ВКР 230М", "status": "APPROVED", "who_approved": 1, "datetime_approved": "2023-06-19T10:07:07.704Z", "auditorium": [4]}}, {"model": "timetable.timetableitem", "pk": 57, "fields": {"name": "Защита ВКР 431Б-а", "organazer": 1, "type": 7, "amount_people": 20, "start_time": "09:00:00", "end_time": "14:00:00", "date": "2023-06-22", "info": "Защита ВКР 431Б-а", "status": "APPROVED", "who_approved": 1, "datetime_approved": "2023-06-19T10:08:10.608Z", "auditorium": [4]}}, {"model": "timetable.timetableitem", "pk": 58, "fields": {"name": "Защита ВКР 532Б-а", "organazer": 1, "type": 7, "amount_people": 20, "start_time": "09:00:00", "end_time": "14:00:00", "date": "2023-06-23", "info": "Защита ВКР 532Б-а", "status": "APPROVED", "who_approved": 1, "datetime_approved": "2023-06-19T10:08:42.322Z", "auditorium": [4]}}, {"model": "timetable.timetableitem", "pk": 59, "fields": {"name": "Защита ВКР 532Б-б", "organazer": 1, "type": 7, "amount_people": 20, "start_time": "09:00:00", "end_time": "14:00:00", "date": "2023-06-24", "info": "Защита ВКР 532Б-б", "status": "APPROVED", "who_approved": 1, "datetime_approved": "2023-06-19T10:09:07.489Z", "auditorium": [4]}}, {"model": "timetable.timetableitem", "pk": 60, "fields": {"name": "тестовое мероприятие 1", "organazer": 4, "type": 3, "amount_people": 10, "start_time": "08:00:00", "end_time": "10:00:00", "date": "2023-06-21", "info": "тестовое мероприятие для защиты", "status": "APPROVED", "who_approved": 1, "datetime_approved": "2023-06-20T18:12:56.551Z", "auditorium": [1]}}, {"model": "timetable.timetableitem", "pk": 61, "fields": {"name": "тестовое мероприятие 2", "organazer": 4, "type": 3, "amount_people": 5, "start_time": "10:10:00", "end_time": "11:00:00", "date": "2023-06-21", "info": "тестовое мероприятие для защиты", "status": "REJECTED", "who_approved": null, "datetime_approved": null, "auditorium": [1]}}, {"model": "timetable.timetableitem", "pk": 62, "fields": {"name": "test", "organazer": 9, "type": 1, "amount_people": 10, "start_time": "10:00:00", "end_time": "11:00:00", "date": "2023-06-22", "info": "test", "status": "APPROVED", "who_approved": 1, "datetime_approved": "2023-06-21T04:38:22.052Z", "auditorium": [1]}}, {"model": "timetable.timetableitem", "pk": 63, "fields": {"name": "СПО", "organazer": 8, "type": 1, "amount_people": 30, "start_time": "09:40:00", "end_time": "11:10:00", "date": "2023-09-14", "info": "Межина А.М.", "status": "APPROVED", "who_approved": 8, "datetime_approved": "2023-09-13T09:34:44.473Z", "auditorium": [3]}}, {"model": "timetable.week", "pk": 53, "fields": {"start_day": "2023-01-02", "end_day": "2023-01-08"}}, {"model": "timetable.week", "pk": 54, "fields": {"start_day": "2023-01-09", "end_day": "2023-01-15"}}, {"model": "timetable.week", "pk": 55, "fields": {"start_day": "2023-01-16", "end_day": "2023-01-22"}}, {"model": "timetable.week", "pk": 56, "fields": {"start_day": "2023-01-23", "end_day": "2023-01-29"}}, {"model": "timetable.week", "pk": 57, "fields": {"start_day": "2023-01-30", "end_day": "2023-02-05"}}, {"model": "timetable.week", "pk": 58, "fields": {"start_day": "2023-02-06", "end_day": "2023-02-12"}}, {"model": "timetable.week", "pk": 59, "fields": {"start_day": "2023-02-13", "end_day": "2023-02-19"}}, {"model": "timetable.week", "pk": 60, "fields": {"start_day": "2023-02-20", "end_day": "2023-02-26"}}, {"model": "timetable.week", "pk": 61, "fields": {"start_day": "2023-02-27", "end_day": "2023-03-05"}}, {"model": "timetable.week", "pk": 62, "fields": {"start_day": "2023-03-06", "end_day": "2023-03-12"}}, {"model": "timetable.week", "pk": 63, "fields": {"start_day": "2023-03-13", "end_day": "2023-03-19"}}, {"model": "timetable.week", "pk": 64, "fields": {"start_day": "2023-03-20", "end_day": "2023-03-26"}}, {"model": "timetable.week", "pk": 65, "fields": {"start_day": "2023-03-27", "end_day": "2023-04-02"}}, {"model": "timetable.week", "pk": 66, "fields": {"start_day": "2023-04-03", "end_day": "2023-04-09"}}, {"model": "timetable.week", "pk": 67, "fields": {"start_day": "2023-04-10", "end_day": "2023-04-16"}}, {"model": "timetable.week", "pk": 68, "fields": {"start_day": "2023-04-17", "end_day": "2023-04-23"}}, {"model": "timetable.week", "pk": 69, "fields": {"start_day": "2023-04-24", "end_day": "2023-04-30"}}, {"model": "timetable.week", "pk": 70, "fields": {"start_day": "2023-05-01", "end_day": "2023-05-07"}}, {"model": "timetable.week", "pk": 71, "fields": {"start_day": "2023-05-08", "end_day": "2023-05-14"}}, {"model": "timetable.week", "pk": 72, "fields": {"start_day": "2023-05-15", "end_day": "2023-05-21"}}, {"model": "timetable.week", "pk": 73, "fields": {"start_day": "2023-05-22", "end_day": "2023-05-28"}}, {"model": "timetable.week", "pk": 74, "fields": {"start_day": "2023-05-29", "end_day": "2023-06-04"}}, {"model": "timetable.week", "pk": 75, "fields": {"start_day": "2023-06-05", "end_day": "2023-06-11"}}, {"model": "timetable.week", "pk": 76, "fields": {"start_day": "2023-06-12", "end_day": "2023-06-18"}}, {"model": "timetable.week", "pk": 77, "fields": {"start_day": "2023-06-19", "end_day": "2023-06-25"}}, {"model": "timetable.week", "pk": 78, "fields": {"start_day": "2023-06-26", "end_day": "2023-07-02"}}, {"model": "timetable.week", "pk": 79, "fields": {"start_day": "2023-07-03", "end_day": "2023-07-09"}}, {"model": "timetable.week", "pk": 80, "fields": {"start_day": "2023-07-10", "end_day": "2023-07-16"}}, {"model": "timetable.week", "pk": 81, "fields": {"start_day": "2023-07-17", "end_day": "2023-07-23"}}, {"model": "timetable.week", "pk": 82, "fields": {"start_day": "2023-07-24", "end_day": "2023-07-30"}}, {"model": "timetable.week", "pk": 83, "fields": {"start_day": "2023-07-31", "end_day": "2023-08-06"}}, {"model": "timetable.week", "pk": 84, "fields": {"start_day": "2023-08-07", "end_day": "2023-08-13"}}, {"model": "timetable.week", "pk": 85, "fields": {"start_day": "2023-08-14", "end_day": "2023-08-20"}}, {"model": "timetable.week", "pk": 86, "fields": {"start_day": "2023-08-21", "end_day": "2023-08-27"}}, {"model": "timetable.week", "pk": 87, "fields": {"start_day": "2023-08-28", "end_day": "2023-09-03"}}, {"model": "timetable.week", "pk": 88, "fields": {"start_day": "2023-09-04", "end_day": "2023-09-10"}}, {"model": "timetable.week", "pk": 89, "fields": {"start_day": "2023-09-11", "end_day": "2023-09-17"}}, {"model": "timetable.week", "pk": 90, "fields": {"start_day": "2023-09-18", "end_day": "2023-09-24"}}, {"model": "timetable.week", "pk": 91, "fields": {"start_day": "2023-09-25", "end_day": "2023-10-01"}}, {"model": "timetable.week", "pk": 92, "fields": {"start_day": "2023-10-02", "end_day": "2023-10-08"}}, {"model": "timetable.week", "pk": 93, "fields": {"start_day": "2023-10-09", "end_day": "2023-10-15"}}, {"model": "timetable.week", "pk": 94, "fields": {"start_day": "2023-10-16", "end_day": "2023-10-22"}}, {"model": "timetable.week", "pk": 95, "fields": {"start_day": "2023-10-23", "end_day": "2023-10-29"}}, {"model": "timetable.week", "pk": 96, "fields": {"start_day": "2023-10-30", "end_day": "2023-11-05"}}, {"model": "timetable.week", "pk": 97, "fields": {"start_day": "2023-11-06", "end_day": "2023-11-12"}}, {"model": "timetable.week", "pk": 98, "fields": {"start_day": "2023-11-13", "end_day": "2023-11-19"}}, {"model": "timetable.week", "pk": 99, "fields": {"start_day": "2023-11-20", "end_day": "2023-11-26"}}, {"model": "timetable.week", "pk": 100, "fields": {"start_day": "2023-11-27", "end_day": "2023-12-03"}}, {"model": "timetable.week", "pk": 101, "fields": {"start_day": "2023-12-04", "end_day": "2023-12-10"}}, {"model": "timetable.week", "pk": 102, "fields": {"start_day": "2023-12-11", "end_day": "2023-12-17"}}, {"model": "timetable.week", "pk": 103, "fields": {"start_day": "2023-12-18", "end_day": "2023-12-24"}}, {"model": "timetable.week", "pk": 104, "fields": {"start_day": "2023-12-25", "end_day": "2023-12-31"}}]